[
  {
    "speech_id": 5782224468181440361,
    "meeting_id": 50796,
    "bills": "개의",
    "member_id": "7409",
    "member_name": "소위원장 김영호",
    "speech_order": 1,
    "speech_text": "의석을 정돈해 주시기 바랍니다. 회의를 속개하겠습니다. 성원이 되었으므로 제384회 국회(임시회) 외교통일위원회 제2차 법안심사소위원회를 개의하겠습니다. 오늘 회의에서는 지난 금요일 심사했던 통일부 소관 법률안 중 다시 논의하기로 한 법률안에 대하여 심사하도록 하겠습니다. 심사는 지난 소위에서 제기된 의견을 반영하여 전문위원실과 정부가 협의하여 만든 안에 대한 전문위원의 설명을 듣고 이에 대한 정부 측 의견을 청취한 후 위원님들의 간단한 토론을 거쳐 결론을 내리는 것으로 하겠습니다. 지금 시간이 한 30여 분도 채 안 남았기 때문에 좀 속도감 있게 진행하도록 하겠습니다. 그러면 안건 심사를 시작하겠습니다.",
    "tf_trigger": false,
    "delib_order": null,
    "bill_review": [],
    "agenda_items": [],
    "agenda_range_str": null
  },
  {
    "speech_id": 953087525345270147,
    "meeting_id": 50796,
    "bills": "1. 남북관계 발전에 관한 법률 일부개정법률안(김영주 의원 대표발의)(의안번호 2106101)\n2. 남북관계 발전에 관한 법률 일부개정법률안(김경협 의원 대표발의)(의안번호 2106395)\n3. 남북관계 발전에 관한 법률 일부개정법률안(안민석 의원 대표발의)(의안번호 2103557)\n4. 북한이탈주민의 보호 및 정착지원에 관한 법률 일부개정법률안(태영호 의원 대표발의)(의안번호 2105418)\n5. 북한이탈주민의 보호 및 정착지원에 관한 법률 일부개정법률안(지성호 의원 대표발의)(의안번호 2106268)\n6. 북한이탈주민의 보호 및 정착지원에 관한 법률 일부개정법률안(김홍걸 의원 대표발의)(의안번호 2106425)\n7. 북한이탈주민의 보호 및 정착지원에 관한 법률 일부개정법률안(정청래 의원 대표발의)(의안번호 2106484)\n8. 북한이탈주민의 보호 및 정착지원에 관한 법률 일부개정법률안(김영주 의원 대표발의)(의안번호 2107396)",
    "member_id": "7409",
    "member_name": "소위원장 김영호",
    "speech_order": 2,
    "speech_text": "효율적인 안건 심사를 위하여 의사일정 제1항 김영주 의원이 대표발의한 남북관계 발전에 관한 법률 일부개정법률안부터 의사일정 제8항 김영주 의원이 대표발의한 북한이탈주민의 보호 및 정착지원에 관한 법률 일부개정법률안까지 이상 8건을 일괄하여 상정합니다. 먼저, 의사일정 제1항부터 제3항까지 김영주 의원, 김경협 의원, 안민석 의원이 각각 대표발의한 남북관계 발전에 관한 법률 일부개정법률안을 심사하도록 하겠습니다. 전문위원께서 이들 안건에 대해 정리한 내용을 설명해 주시기 바랍니다.",
    "tf_trigger": true,
    "delib_order": 1,
    "bill_review": [
      "1. 남북관계 발전에 관한 법률 일부개정법률안(김영주 의원 대표발의)(의안번호 2106101)",
      "2. 남북관계 발전에 관한 법률 일부개정법률안(김경협 의원 대표발의)(의안번호 2106395)",
      "3. 남북관계 발전에 관한 법률 일부개정법률안(안민석 의원 대표발의)(의안번호 2103557)"
    ],
    "agenda_items": [
      1,
      2,
      3
    ],
    "agenda_range_str": "의사일정 제1항부터 제3항까지"
  },
  {
    "speech_id": 4419868510702666135,
    "meeting_id": 50796,
    "bills": "1. 남북관계 발전에 관한 법률 일부개정법률안(김영주 의원 대표발의)(의안번호 2106101)\n2. 남북관계 발전에 관한 법률 일부개정법률안(김경협 의원 대표발의)(의안번호 2106395)\n3. 남북관계 발전에 관한 법률 일부개정법률안(안민석 의원 대표발의)(의안번호 2103557)\n4. 북한이탈주민의 보호 및 정착지원에 관한 법률 일부개정법률안(태영호 의원 대표발의)(의안번호 2105418)\n5. 북한이탈주민의 보호 및 정착지원에 관한 법률 일부개정법률안(지성호 의원 대표발의)(의안번호 2106268)\n6. 북한이탈주민의 보호 및 정착지원에 관한 법률 일부개정법률안(김홍걸 의원 대표발의)(의안번호 2106425)\n7. 북한이탈주민의 보호 및 정착지원에 관한 법률 일부개정법률안(정청래 의원 대표발의)(의안번호 2106484)\n8. 북한이탈주민의 보호 및 정착지원에 관한 법률 일부개정법률안(김영주 의원 대표발의)(의안번호 2107396)",
    "member_id": " ",
    "member_name": "전문위원 최용훈",
    "speech_order": 3,
    "speech_text": "전문위원입니다. 소위 자료 1페이지입니다. 제12조의 조 제목은 ‘재정상의 조치’로 해서 김영주 의원님 안을 받았고요. 2항의 지원주체는 정부로 통일했습니다. 1항과 2항을 정부로 통일했습니다. 그다음에 지원대상이 ‘지방자치단체 등’으로 되어 있는데 김경협 의원님 안을 반영해서 ‘지방자치단체 및 비영리법인․비영리민간단체’로 수정했습니다. 2페이지입니다. 김영주 의원님 안의 남북관계 발전기반 조성과 관련해서 그 표현을 ‘남북관계 발전에 필요한 기반 조성’으로 해서 법 제명과 유사한 내용으로 반영했습니다. 1호, 2호는 현행과 동일하고요. 3호는 남북관계 발전에 필요한 기반 시설의 지역별 설치․운영으로 김영주 의원님 안을 그대로 받았습니다. 이것은 통일부가 추진하는 통일⁺센터의 설치․운영 근거가 되는데 운영까지 규정되어 있기 때문에 향후 운영비 지원을 요청할 수 있는 근거 규정으로도 가능할 걸로 보여집니다. 3페이지입니다. 5호는 남북관계 발전에 필요한 기반 조성을 위한 사업이나 민간단체 지원으로 김영주 의원님 안을 받았고, 6호는 개정안과 동일합니다. 4페이지입니다. 안민석 의원님께서 발의하신 내용을 받아서 민관협력체계 구축 등 남북관계 발전 기반 조성을 위한 사항으로 하되 앞에 ‘정부’를 추가했습니다. 5페이지의 4항은 현행대로 유지하기로 했고, 제8조는 의장님께서 제안하신 법률용어 순화 내용으로 ‘창달’을 ‘발전’으로 수정했습니다. 그리고 부칙은 대통령령 개정 사항이 있어서, 12조 1항 6호하고 2항이 있어서 6개월로 수정을 했습니다. 6페이지입니다. 개정안의 단체에 대한 비용 지원 규정과 관련해서 이 개정안처럼 단체의 지원에 관한 비용 지원이 신설되지만 보조금 관리법이나 비영리민간단체 지원법의 관련 규정을 배제하지는 않기 때문에 이 부분은 입법정책적으로 결정하실 사항으로 보입니다. 기재부․행안부․통일부에 저희가 확인한 바에 따르면 개정안이 되더라도 민간단체 지원 보조금은 사업비에 한정되고 운영비나 인건비는 지원하는 게 어렵다는 입장입니다. 기타 기재부․행안부․통일부 입장은 자료를 참고해 주시기 바랍니다. 그다음에 8페이지에는 통합안을 제시했습니다. 이상입니다.",
    "tf_trigger": false,
    "delib_order": 1,
    "bill_review": [
      "1. 남북관계 발전에 관한 법률 일부개정법률안(김영주 의원 대표발의)(의안번호 2106101)",
      "2. 남북관계 발전에 관한 법률 일부개정법률안(김경협 의원 대표발의)(의안번호 2106395)",
      "3. 남북관계 발전에 관한 법률 일부개정법률안(안민석 의원 대표발의)(의안번호 2103557)"
    ],
    "agenda_items": [
      1,
      2,
      3
    ],
    "agenda_range_str": "의사일정 제1항부터 제3항까지"
  },
  {
    "speech_id": 70559845175037784,
    "meeting_id": 50796,
    "bills": "1. 남북관계 발전에 관한 법률 일부개정법률안(김영주 의원 대표발의)(의안번호 2106101)\n2. 남북관계 발전에 관한 법률 일부개정법률안(김경협 의원 대표발의)(의안번호 2106395)\n3. 남북관계 발전에 관한 법률 일부개정법률안(안민석 의원 대표발의)(의안번호 2103557)\n4. 북한이탈주민의 보호 및 정착지원에 관한 법률 일부개정법률안(태영호 의원 대표발의)(의안번호 2105418)\n5. 북한이탈주민의 보호 및 정착지원에 관한 법률 일부개정법률안(지성호 의원 대표발의)(의안번호 2106268)\n6. 북한이탈주민의 보호 및 정착지원에 관한 법률 일부개정법률안(김홍걸 의원 대표발의)(의안번호 2106425)\n7. 북한이탈주민의 보호 및 정착지원에 관한 법률 일부개정법률안(정청래 의원 대표발의)(의안번호 2106484)\n8. 북한이탈주민의 보호 및 정착지원에 관한 법률 일부개정법률안(김영주 의원 대표발의)(의안번호 2107396)",
    "member_id": "7409",
    "member_name": "소위원장 김영호",
    "speech_order": 4,
    "speech_text": "다음은 차관께서 정부 측 의견 말씀해 주시기 바랍니다.",
    "tf_trigger": false,
    "delib_order": 1,
    "bill_review": [
      "1. 남북관계 발전에 관한 법률 일부개정법률안(김영주 의원 대표발의)(의안번호 2106101)",
      "2. 남북관계 발전에 관한 법률 일부개정법률안(김경협 의원 대표발의)(의안번호 2106395)",
      "3. 남북관계 발전에 관한 법률 일부개정법률안(안민석 의원 대표발의)(의안번호 2103557)"
    ],
    "agenda_items": [
      1,
      2,
      3
    ],
    "agenda_range_str": "의사일정 제1항부터 제3항까지"
  },
  {
    "speech_id": 5020749266211449201,
    "meeting_id": 50796,
    "bills": "1. 남북관계 발전에 관한 법률 일부개정법률안(김영주 의원 대표발의)(의안번호 2106101)\n2. 남북관계 발전에 관한 법률 일부개정법률안(김경협 의원 대표발의)(의안번호 2106395)\n3. 남북관계 발전에 관한 법률 일부개정법률안(안민석 의원 대표발의)(의안번호 2103557)\n4. 북한이탈주민의 보호 및 정착지원에 관한 법률 일부개정법률안(태영호 의원 대표발의)(의안번호 2105418)\n5. 북한이탈주민의 보호 및 정착지원에 관한 법률 일부개정법률안(지성호 의원 대표발의)(의안번호 2106268)\n6. 북한이탈주민의 보호 및 정착지원에 관한 법률 일부개정법률안(김홍걸 의원 대표발의)(의안번호 2106425)\n7. 북한이탈주민의 보호 및 정착지원에 관한 법률 일부개정법률안(정청래 의원 대표발의)(의안번호 2106484)\n8. 북한이탈주민의 보호 및 정착지원에 관한 법률 일부개정법률안(김영주 의원 대표발의)(의안번호 2107396)",
    "member_id": " ",
    "member_name": "통일부차관 서호",
    "speech_order": 5,
    "speech_text": "사실은 방금 전문위원께서 말씀하신 대로 저희 정부 차원에서는 수용을 할 수 있는데요. 저희들이 오늘 오전에 위원님들 말씀을 들어 보니까 몇몇 위원님들께서 우려하고 계시는 게 한두 가지 포인트가 있는 것 같습니다. 하나는 북한 인권 단체가 포함이 안 되지 않느냐 하는 그런 우려 사항이 있을 수가 있고요. 또 하나는 이렇게 법적 검토를 했음에도 불구하고 경상경비 지원하는 문제와 관련해서 또 말씀이 계셨습니다. 그래서 두 가지 측면만 보고를 드리자면요. 현재 이 법에서 통합․조정안으로는 비영리법인이나 비영리민간단체 여기에 경상경비를 지원하지는 못하는 것으로 되어 있네요. 왜냐하면 그건 법적 성격으로 따지면 법정단체가 아니고 임의단체이기 때문에 경상경비가 지원되지 못하는 것으로 되어 있습니다. 그래서 특정 단체를 법정단체로 하기 위해서는 그 관련법이 필요하다. 가령 예를 들면 통일연구원 같은 경우인데요. 통일연구원은 정부출연기관입니다. 그래서 통일연구원법이 아예 따로 있습니다. 그래서 경상경비를 받으려면 특별한 단체에 대한 법이 있어야 되는 법정기구가 될 수밖에, 그렇게 법으로 만들면 법정기구가 되는 거지요. 그래서 경상경비 지원 문제는 전문위원께서도 얘기했지만 기재부나 행안부 이쪽에서도 경상경비는 지원되지 않는 것으로 그렇게 되어 있습니다. 그래서 이 법의 조정안이 된다 할지라도 경상경비 지원은 없는 것으로 되어 있고요. 두 번째, 북한 인권 단체가 포함되어 있지는 않습니다. 포괄적으로 비영리법인․비영리민간단체에 이게 다 포함이 되는데 굳이 가령 북한 인권 단체를 포함시켜…… 포함시키는 문제는, 사실은 이 법이 통과가 되고 난 뒤에 기재부로부터 예산을 따게 됩니다. 따게 된다면 이 예산 딴 것을 바탕으로 공모 사업을 진행하면 거기에 포함이 될 것으로 보여지는데요. 현재도 이 법과는 상관없이 지금 저희가 보조금을 주고 있는 것의 실정을 위원님들께 보고드리자면 민화협이 현재 위원님들께서 예산 때 해 주신 것 7억 그리고 민족통일협의회(민통)가 3억 이렇게 보조금 사업으로 나가고 있습니다. 이상입니다.",
    "tf_trigger": false,
    "delib_order": 1,
    "bill_review": [
      "1. 남북관계 발전에 관한 법률 일부개정법률안(김영주 의원 대표발의)(의안번호 2106101)",
      "2. 남북관계 발전에 관한 법률 일부개정법률안(김경협 의원 대표발의)(의안번호 2106395)",
      "3. 남북관계 발전에 관한 법률 일부개정법률안(안민석 의원 대표발의)(의안번호 2103557)"
    ],
    "agenda_items": [
      1,
      2,
      3
    ],
    "agenda_range_str": "의사일정 제1항부터 제3항까지"
  },
  {
    "speech_id": 3167688477484569939,
    "meeting_id": 50796,
    "bills": "1. 남북관계 발전에 관한 법률 일부개정법률안(김영주 의원 대표발의)(의안번호 2106101)\n2. 남북관계 발전에 관한 법률 일부개정법률안(김경협 의원 대표발의)(의안번호 2106395)\n3. 남북관계 발전에 관한 법률 일부개정법률안(안민석 의원 대표발의)(의안번호 2103557)\n4. 북한이탈주민의 보호 및 정착지원에 관한 법률 일부개정법률안(태영호 의원 대표발의)(의안번호 2105418)\n5. 북한이탈주민의 보호 및 정착지원에 관한 법률 일부개정법률안(지성호 의원 대표발의)(의안번호 2106268)\n6. 북한이탈주민의 보호 및 정착지원에 관한 법률 일부개정법률안(김홍걸 의원 대표발의)(의안번호 2106425)\n7. 북한이탈주민의 보호 및 정착지원에 관한 법률 일부개정법률안(정청래 의원 대표발의)(의안번호 2106484)\n8. 북한이탈주민의 보호 및 정착지원에 관한 법률 일부개정법률안(김영주 의원 대표발의)(의안번호 2107396)",
    "member_id": "7409",
    "member_name": "소위원장 김영호",
    "speech_order": 6,
    "speech_text": "다음은 위원님들의 의견 듣도록 하겠습니다. 김기현 위원님.",
    "tf_trigger": false,
    "delib_order": 1,
    "bill_review": [
      "1. 남북관계 발전에 관한 법률 일부개정법률안(김영주 의원 대표발의)(의안번호 2106101)",
      "2. 남북관계 발전에 관한 법률 일부개정법률안(김경협 의원 대표발의)(의안번호 2106395)",
      "3. 남북관계 발전에 관한 법률 일부개정법률안(안민석 의원 대표발의)(의안번호 2103557)"
    ],
    "agenda_items": [
      1,
      2,
      3
    ],
    "agenda_range_str": "의사일정 제1항부터 제3항까지"
  },
  {
    "speech_id": 5460377774106730794,
    "meeting_id": 50796,
    "bills": "1. 남북관계 발전에 관한 법률 일부개정법률안(김영주 의원 대표발의)(의안번호 2106101)\n2. 남북관계 발전에 관한 법률 일부개정법률안(김경협 의원 대표발의)(의안번호 2106395)\n3. 남북관계 발전에 관한 법률 일부개정법률안(안민석 의원 대표발의)(의안번호 2103557)\n4. 북한이탈주민의 보호 및 정착지원에 관한 법률 일부개정법률안(태영호 의원 대표발의)(의안번호 2105418)\n5. 북한이탈주민의 보호 및 정착지원에 관한 법률 일부개정법률안(지성호 의원 대표발의)(의안번호 2106268)\n6. 북한이탈주민의 보호 및 정착지원에 관한 법률 일부개정법률안(김홍걸 의원 대표발의)(의안번호 2106425)\n7. 북한이탈주민의 보호 및 정착지원에 관한 법률 일부개정법률안(정청래 의원 대표발의)(의안번호 2106484)\n8. 북한이탈주민의 보호 및 정착지원에 관한 법률 일부개정법률안(김영주 의원 대표발의)(의안번호 2107396)",
    "member_id": "7382",
    "member_name": "김기현 위원",
    "speech_order": 7,
    "speech_text": "우선 수정안 만들어 온 것 중에서 1쪽의 수정안 12조 2항 이 부분이 각 남북관계발전기본계획에 세워져 있는 중점 추진과제 한 일곱 가지 이렇게 주요 내용이 나와 있는 것 같은데요. 그 관련된 단체들의 형평성 부분에 대해서 그 부분의 보완이 좀 필요한 것 같다는 생각이 들고요. 그리고 2쪽에 보면 수정안 12조의2가 있는데 ‘다음 각 호의 사업을 추진하여야 한다’고 의무 조항을 넣어 놨는데 그렇게 ‘하여야 한다’고 할 사항인지도 그렇지만 거기의 3호를 보면 ‘남북관계 발전에 필요한 기반을 조성하기 위한 시설의 지역별 설치․운영’ 이것을 의무 사항으로 해 놓게 되면 나중에 필요할 경우에, 통일⁺센터를 예산을 반영해 가지고 통일부가 현재도 하고 있고 또 할 수도 있는 일인데 법에다 의무 조항을 넣어 놓으면 필요성이나 타당성 그리고 시급성에 대한 심사조차 없이 무조건 법에 의해서 강제적으로 해야 된다고 하는 그런 의무 조항이 되기 때문에 적절하지 않은 것 같다는 생각이고요. 3쪽에 보면 6호의 ‘그 밖에 남북관계 발전에 필요한 기반을 조성하기 위한 사업으로서 대통령령으로 정하는 사업’ 이것은 위임의 범위를 벗어났다. 위임이라고 하는 것은 그 밑에 있는 2항처럼 추진절차 등에 관해서 필요한 사항을 대통령령으로 정하는 것이지 아예 대통령령으로 남북관계 발전을 위한 모든 사업을 마음대로 정할 수 있도록 포괄적 위임을 하는 것은 입법의 체계에도 맞지 않다는 생각이 들어서, 이 부분들에 대한 추가적인 심의를 좀 더 심도 있게 할 수 있도록 다음 법안소위에서 우리가 조금 논의를 했으면 좋겠다 그런 생각이 듭니다. 이상입니다.",
    "tf_trigger": false,
    "delib_order": 1,
    "bill_review": [
      "1. 남북관계 발전에 관한 법률 일부개정법률안(김영주 의원 대표발의)(의안번호 2106101)",
      "2. 남북관계 발전에 관한 법률 일부개정법률안(김경협 의원 대표발의)(의안번호 2106395)",
      "3. 남북관계 발전에 관한 법률 일부개정법률안(안민석 의원 대표발의)(의안번호 2103557)"
    ],
    "agenda_items": [
      1,
      2,
      3
    ],
    "agenda_range_str": "의사일정 제1항부터 제3항까지"
  },
  {
    "speech_id": 7659167517418642538,
    "meeting_id": 50796,
    "bills": "1. 남북관계 발전에 관한 법률 일부개정법률안(김영주 의원 대표발의)(의안번호 2106101)\n2. 남북관계 발전에 관한 법률 일부개정법률안(김경협 의원 대표발의)(의안번호 2106395)\n3. 남북관계 발전에 관한 법률 일부개정법률안(안민석 의원 대표발의)(의안번호 2103557)\n4. 북한이탈주민의 보호 및 정착지원에 관한 법률 일부개정법률안(태영호 의원 대표발의)(의안번호 2105418)\n5. 북한이탈주민의 보호 및 정착지원에 관한 법률 일부개정법률안(지성호 의원 대표발의)(의안번호 2106268)\n6. 북한이탈주민의 보호 및 정착지원에 관한 법률 일부개정법률안(김홍걸 의원 대표발의)(의안번호 2106425)\n7. 북한이탈주민의 보호 및 정착지원에 관한 법률 일부개정법률안(정청래 의원 대표발의)(의안번호 2106484)\n8. 북한이탈주민의 보호 및 정착지원에 관한 법률 일부개정법률안(김영주 의원 대표발의)(의안번호 2107396)",
    "member_id": "7409",
    "member_name": "소위원장 김영호",
    "speech_order": 8,
    "speech_text": "지성호 위원님.",
    "tf_trigger": false,
    "delib_order": 1,
    "bill_review": [
      "1. 남북관계 발전에 관한 법률 일부개정법률안(김영주 의원 대표발의)(의안번호 2106101)",
      "2. 남북관계 발전에 관한 법률 일부개정법률안(김경협 의원 대표발의)(의안번호 2106395)",
      "3. 남북관계 발전에 관한 법률 일부개정법률안(안민석 의원 대표발의)(의안번호 2103557)"
    ],
    "agenda_items": [
      1,
      2,
      3
    ],
    "agenda_range_str": "의사일정 제1항부터 제3항까지"
  },
  {
    "speech_id": 3923748653171104752,
    "meeting_id": 50796,
    "bills": "1. 남북관계 발전에 관한 법률 일부개정법률안(김영주 의원 대표발의)(의안번호 2106101)\n2. 남북관계 발전에 관한 법률 일부개정법률안(김경협 의원 대표발의)(의안번호 2106395)\n3. 남북관계 발전에 관한 법률 일부개정법률안(안민석 의원 대표발의)(의안번호 2103557)\n4. 북한이탈주민의 보호 및 정착지원에 관한 법률 일부개정법률안(태영호 의원 대표발의)(의안번호 2105418)\n5. 북한이탈주민의 보호 및 정착지원에 관한 법률 일부개정법률안(지성호 의원 대표발의)(의안번호 2106268)\n6. 북한이탈주민의 보호 및 정착지원에 관한 법률 일부개정법률안(김홍걸 의원 대표발의)(의안번호 2106425)\n7. 북한이탈주민의 보호 및 정착지원에 관한 법률 일부개정법률안(정청래 의원 대표발의)(의안번호 2106484)\n8. 북한이탈주민의 보호 및 정착지원에 관한 법률 일부개정법률안(김영주 의원 대표발의)(의안번호 2107396)",
    "member_id": "7621",
    "member_name": "지성호 위원",
    "speech_order": 9,
    "speech_text": "차관님, 지난 법안소위 이후로 짧은 시간에 정말 애 많이 써 주셔서 일단 감사합니다. 저도 오전에 자료를 받고 검토해 봤는데 좀 더 수정되거나 좀 더 명확하게 반영될 필요가 있는 것들이 있다는 것을 알게 되었고 또 앞에서 존경하는 김기현 위원님께서도 말씀해 주셨는데 지금 12조의2 5호 같은 경우는 남북관계 발전에 필요한 기반을 조성하기 위한 사업이나 활동을 하는 비영리법인․비영리민간단체에 대한 지원이 나와 있는데 이것에 있어서 사실은 제가 또 저희가 지난 법안소위에서 조금 명확하기를 바랐던 그 부분이 아닌가 싶습니다. 그래서 보면 남북관계 발전에 필요한 기반을 조성하기 위한 사업이나 활동을 하는 비영리법인 또 비영리민간단체에 대한 지원은 지난번에 말씀드렸던 것처럼 북한 인권, 탈북민 지원 등 형평성의 문제가 아직도 존재하는 것 같은데 이 부분도 조금 더 명확하게 해 가지고 하면 좋겠다 이런 말씀을 드리고 싶습니다.",
    "tf_trigger": false,
    "delib_order": 1,
    "bill_review": [
      "1. 남북관계 발전에 관한 법률 일부개정법률안(김영주 의원 대표발의)(의안번호 2106101)",
      "2. 남북관계 발전에 관한 법률 일부개정법률안(김경협 의원 대표발의)(의안번호 2106395)",
      "3. 남북관계 발전에 관한 법률 일부개정법률안(안민석 의원 대표발의)(의안번호 2103557)"
    ],
    "agenda_items": [
      1,
      2,
      3
    ],
    "agenda_range_str": "의사일정 제1항부터 제3항까지"
  },
  {
    "speech_id": 6334456941116520190,
    "meeting_id": 50796,
    "bills": "1. 남북관계 발전에 관한 법률 일부개정법률안(김영주 의원 대표발의)(의안번호 2106101)\n2. 남북관계 발전에 관한 법률 일부개정법률안(김경협 의원 대표발의)(의안번호 2106395)\n3. 남북관계 발전에 관한 법률 일부개정법률안(안민석 의원 대표발의)(의안번호 2103557)\n4. 북한이탈주민의 보호 및 정착지원에 관한 법률 일부개정법률안(태영호 의원 대표발의)(의안번호 2105418)\n5. 북한이탈주민의 보호 및 정착지원에 관한 법률 일부개정법률안(지성호 의원 대표발의)(의안번호 2106268)\n6. 북한이탈주민의 보호 및 정착지원에 관한 법률 일부개정법률안(김홍걸 의원 대표발의)(의안번호 2106425)\n7. 북한이탈주민의 보호 및 정착지원에 관한 법률 일부개정법률안(정청래 의원 대표발의)(의안번호 2106484)\n8. 북한이탈주민의 보호 및 정착지원에 관한 법률 일부개정법률안(김영주 의원 대표발의)(의안번호 2107396)",
    "member_id": "7409",
    "member_name": "소위원장 김영호",
    "speech_order": 10,
    "speech_text": "차관님, 야당 위원님들 지적에 대해서 혹시 의견 있으신가요?",
    "tf_trigger": false,
    "delib_order": 1,
    "bill_review": [
      "1. 남북관계 발전에 관한 법률 일부개정법률안(김영주 의원 대표발의)(의안번호 2106101)",
      "2. 남북관계 발전에 관한 법률 일부개정법률안(김경협 의원 대표발의)(의안번호 2106395)",
      "3. 남북관계 발전에 관한 법률 일부개정법률안(안민석 의원 대표발의)(의안번호 2103557)"
    ],
    "agenda_items": [
      1,
      2,
      3
    ],
    "agenda_range_str": "의사일정 제1항부터 제3항까지"
  },
  {
    "speech_id": 3877644954487806229,
    "meeting_id": 50796,
    "bills": "1. 남북관계 발전에 관한 법률 일부개정법률안(김영주 의원 대표발의)(의안번호 2106101)\n2. 남북관계 발전에 관한 법률 일부개정법률안(김경협 의원 대표발의)(의안번호 2106395)\n3. 남북관계 발전에 관한 법률 일부개정법률안(안민석 의원 대표발의)(의안번호 2103557)\n4. 북한이탈주민의 보호 및 정착지원에 관한 법률 일부개정법률안(태영호 의원 대표발의)(의안번호 2105418)\n5. 북한이탈주민의 보호 및 정착지원에 관한 법률 일부개정법률안(지성호 의원 대표발의)(의안번호 2106268)\n6. 북한이탈주민의 보호 및 정착지원에 관한 법률 일부개정법률안(김홍걸 의원 대표발의)(의안번호 2106425)\n7. 북한이탈주민의 보호 및 정착지원에 관한 법률 일부개정법률안(정청래 의원 대표발의)(의안번호 2106484)\n8. 북한이탈주민의 보호 및 정착지원에 관한 법률 일부개정법률안(김영주 의원 대표발의)(의안번호 2107396)",
    "member_id": " ",
    "member_name": "통일부차관 서호",
    "speech_order": 11,
    "speech_text": "이견보다도 저희들이 좀 말씀드리고 싶은 것은 방금 지성호 위원님 말씀하신 북한 인권 단체와의 형평성 문제, 제가 조금 전에도 맨 처음 서두에 말씀드렸습니다마는 비영리법인, 비영리민간단체라 함은 북한 인권 단체를 다 포함하고 있는 것도 사실이고요. 그다음에 이것은 우리가 여기다 효과적인 법적 근거를 하나 마련하는 측면이고 실제로 공모 사업이라는 절차를 거쳐야 됩니다. 이게 법적 근거를 마련했을 뿐 기재부에서 예산을 따게 되면 그 예산 가지고 전체적으로 공모 사업에, 가령 5억을 따게 된다면 5억을 가지고 공모 사업을 하면 인권 분야도 오고 여러 가지 분야에서 거기에 어플라이를, 공모를 하게 되겠지요. 그러면 그것과 관련해서 예산을 따게 되고 난 뒤에 절차적인 과정으로 생각이 되는데요. 그래도 지성호 위원님께서 정히 걱정하시는 바가 크다면 우리가 예산을 전체적으로 정하는 데 그것을 함께 논의를 하면 그런 걱정을 훨씬 더 덜 수가 있겠다 하는 생각이 들고요. 그다음에 김기현 위원님, 물론 대통령령에서 법보다 우선해서 할 수 있으면 안 되는 거지요. 그래서 저희들도 그런 절차에 대해서 신중하게 생각을 하고 있고요. 여기 대통령령으로 만들 때 통일부 자체적으로만 하는 것은 아니고 대통령령을 하려고 해도 각 부처의, 법제처․법무부 의견을 전부 듣지 않습니까? 위임입법이 법을 너무 훼손한다든가 그런 문제가 될 수 있기 때문에 관련해 가지고 그러한 장치를 놔두고 있다. 다만 남북관계 발전에 필요한 기반 조성, 지역별 설치․운영과 관련해서는 통일⁺센터 설치․운영 근거, 물론 이게 근거가 되지요. 근거가 되고 이것 관련해서는 기재부하고 우리가 협의하는 과정에서, 기재부에서도 법적 근거를 여기다 해 놓을 뿐이지, 법적 근거를 마련하면 훨씬 더 효과적이다, 다만 예산 주고 하는 문제는 또 별개의 문제입니다. 그래서 가급적이면 남북관계 발전법이라는 법 목적에 맞게 우리가 그 조항을 법적으로 하나의 근거 조항으로 남기는 거지 이 자체가 반드시 의무적으로 돈을 기재부에서 일정량을 얻어 가고 하는 것은 좀 아닌데요. 하여튼 그런저런 부분들에 대해서 위원님들께서 넓은 마음으로 좀 봐 주셨으면 좋겠습니다.",
    "tf_trigger": false,
    "delib_order": 1,
    "bill_review": [
      "1. 남북관계 발전에 관한 법률 일부개정법률안(김영주 의원 대표발의)(의안번호 2106101)",
      "2. 남북관계 발전에 관한 법률 일부개정법률안(김경협 의원 대표발의)(의안번호 2106395)",
      "3. 남북관계 발전에 관한 법률 일부개정법률안(안민석 의원 대표발의)(의안번호 2103557)"
    ],
    "agenda_items": [
      1,
      2,
      3
    ],
    "agenda_range_str": "의사일정 제1항부터 제3항까지"
  },
  {
    "speech_id": 4270249977594711871,
    "meeting_id": 50796,
    "bills": "1. 남북관계 발전에 관한 법률 일부개정법률안(김영주 의원 대표발의)(의안번호 2106101)\n2. 남북관계 발전에 관한 법률 일부개정법률안(김경협 의원 대표발의)(의안번호 2106395)\n3. 남북관계 발전에 관한 법률 일부개정법률안(안민석 의원 대표발의)(의안번호 2103557)\n4. 북한이탈주민의 보호 및 정착지원에 관한 법률 일부개정법률안(태영호 의원 대표발의)(의안번호 2105418)\n5. 북한이탈주민의 보호 및 정착지원에 관한 법률 일부개정법률안(지성호 의원 대표발의)(의안번호 2106268)\n6. 북한이탈주민의 보호 및 정착지원에 관한 법률 일부개정법률안(김홍걸 의원 대표발의)(의안번호 2106425)\n7. 북한이탈주민의 보호 및 정착지원에 관한 법률 일부개정법률안(정청래 의원 대표발의)(의안번호 2106484)\n8. 북한이탈주민의 보호 및 정착지원에 관한 법률 일부개정법률안(김영주 의원 대표발의)(의안번호 2107396)",
    "member_id": "7409",
    "member_name": "소위원장 김영호",
    "speech_order": 12,
    "speech_text": "시간이 많지 않기 때문에 이제 1항부터 3항은 저희가 여기서 결정해야 될 것 같거든요. 지금 차관님의 설명에 대해서 야당 위원님들은 동의를 하실 수 있나요?",
    "tf_trigger": false,
    "delib_order": 1,
    "bill_review": [
      "1. 남북관계 발전에 관한 법률 일부개정법률안(김영주 의원 대표발의)(의안번호 2106101)",
      "2. 남북관계 발전에 관한 법률 일부개정법률안(김경협 의원 대표발의)(의안번호 2106395)",
      "3. 남북관계 발전에 관한 법률 일부개정법률안(안민석 의원 대표발의)(의안번호 2103557)"
    ],
    "agenda_items": [
      1,
      2,
      3
    ],
    "agenda_range_str": "의사일정 제1항부터 제3항까지"
  },
  {
    "speech_id": 2674997162972598238,
    "meeting_id": 50796,
    "bills": "1. 남북관계 발전에 관한 법률 일부개정법률안(김영주 의원 대표발의)(의안번호 2106101)\n2. 남북관계 발전에 관한 법률 일부개정법률안(김경협 의원 대표발의)(의안번호 2106395)\n3. 남북관계 발전에 관한 법률 일부개정법률안(안민석 의원 대표발의)(의안번호 2103557)\n4. 북한이탈주민의 보호 및 정착지원에 관한 법률 일부개정법률안(태영호 의원 대표발의)(의안번호 2105418)\n5. 북한이탈주민의 보호 및 정착지원에 관한 법률 일부개정법률안(지성호 의원 대표발의)(의안번호 2106268)\n6. 북한이탈주민의 보호 및 정착지원에 관한 법률 일부개정법률안(김홍걸 의원 대표발의)(의안번호 2106425)\n7. 북한이탈주민의 보호 및 정착지원에 관한 법률 일부개정법률안(정청래 의원 대표발의)(의안번호 2106484)\n8. 북한이탈주민의 보호 및 정착지원에 관한 법률 일부개정법률안(김영주 의원 대표발의)(의안번호 2107396)",
    "member_id": "7382",
    "member_name": "김기현 위원",
    "speech_order": 13,
    "speech_text": "3월 달에 상정해서 다시 한번 더 봐야 될 것 같아요.",
    "tf_trigger": false,
    "delib_order": 1,
    "bill_review": [
      "1. 남북관계 발전에 관한 법률 일부개정법률안(김영주 의원 대표발의)(의안번호 2106101)",
      "2. 남북관계 발전에 관한 법률 일부개정법률안(김경협 의원 대표발의)(의안번호 2106395)",
      "3. 남북관계 발전에 관한 법률 일부개정법률안(안민석 의원 대표발의)(의안번호 2103557)"
    ],
    "agenda_items": [
      1,
      2,
      3
    ],
    "agenda_range_str": "의사일정 제1항부터 제3항까지"
  },
  {
    "speech_id": 8670489640632827149,
    "meeting_id": 50796,
    "bills": "1. 남북관계 발전에 관한 법률 일부개정법률안(김영주 의원 대표발의)(의안번호 2106101)\n2. 남북관계 발전에 관한 법률 일부개정법률안(김경협 의원 대표발의)(의안번호 2106395)\n3. 남북관계 발전에 관한 법률 일부개정법률안(안민석 의원 대표발의)(의안번호 2103557)\n4. 북한이탈주민의 보호 및 정착지원에 관한 법률 일부개정법률안(태영호 의원 대표발의)(의안번호 2105418)\n5. 북한이탈주민의 보호 및 정착지원에 관한 법률 일부개정법률안(지성호 의원 대표발의)(의안번호 2106268)\n6. 북한이탈주민의 보호 및 정착지원에 관한 법률 일부개정법률안(김홍걸 의원 대표발의)(의안번호 2106425)\n7. 북한이탈주민의 보호 및 정착지원에 관한 법률 일부개정법률안(정청래 의원 대표발의)(의안번호 2106484)\n8. 북한이탈주민의 보호 및 정착지원에 관한 법률 일부개정법률안(김영주 의원 대표발의)(의안번호 2107396)",
    "member_id": "7409",
    "member_name": "소위원장 김영호",
    "speech_order": 14,
    "speech_text": "그러면 저희가 토론을 더 이어서 나가기가 좀 어려울 것 같습니다. 그러면 제1항부터 제3항까지는 앞으로도 지속적으로 계속 논의해 나가도록 하겠습니다. 제4항부터 제8항까지 심사하겠습니다. 제4항부터 제8항까지 태영호 의원, 지성호 의원, 김홍걸 의원, 정청래 의원, 김영주 의원이 각각 대표발의한 5건의 북한이탈주민의 보호 및 정착지원에 관한 법률 일부개정법률안을 심사하도록 하겠습니다. 전문위원께서 이들 안건에 대하여 정리한 내용을 설명해 주시기 바랍니다.",
    "tf_trigger": true,
    "delib_order": 2,
    "bill_review": [
      "4. 북한이탈주민의 보호 및 정착지원에 관한 법률 일부개정법률안(태영호 의원 대표발의)(의안번호 2105418)",
      "5. 북한이탈주민의 보호 및 정착지원에 관한 법률 일부개정법률안(지성호 의원 대표발의)(의안번호 2106268)",
      "6. 북한이탈주민의 보호 및 정착지원에 관한 법률 일부개정법률안(김홍걸 의원 대표발의)(의안번호 2106425)",
      "7. 북한이탈주민의 보호 및 정착지원에 관한 법률 일부개정법률안(정청래 의원 대표발의)(의안번호 2106484)",
      "8. 북한이탈주민의 보호 및 정착지원에 관한 법률 일부개정법률안(김영주 의원 대표발의)(의안번호 2107396)"
    ],
    "agenda_items": [
      4,
      5,
      6,
      7,
      8
    ],
    "agenda_range_str": "의사일정 제4항부터 제8항까지"
  },
  {
    "speech_id": 7335332870636789620,
    "meeting_id": 50796,
    "bills": "1. 남북관계 발전에 관한 법률 일부개정법률안(김영주 의원 대표발의)(의안번호 2106101)\n2. 남북관계 발전에 관한 법률 일부개정법률안(김경협 의원 대표발의)(의안번호 2106395)\n3. 남북관계 발전에 관한 법률 일부개정법률안(안민석 의원 대표발의)(의안번호 2103557)\n4. 북한이탈주민의 보호 및 정착지원에 관한 법률 일부개정법률안(태영호 의원 대표발의)(의안번호 2105418)\n5. 북한이탈주민의 보호 및 정착지원에 관한 법률 일부개정법률안(지성호 의원 대표발의)(의안번호 2106268)\n6. 북한이탈주민의 보호 및 정착지원에 관한 법률 일부개정법률안(김홍걸 의원 대표발의)(의안번호 2106425)\n7. 북한이탈주민의 보호 및 정착지원에 관한 법률 일부개정법률안(정청래 의원 대표발의)(의안번호 2106484)\n8. 북한이탈주민의 보호 및 정착지원에 관한 법률 일부개정법률안(김영주 의원 대표발의)(의안번호 2107396)",
    "member_id": " ",
    "member_name": "전문위원 최용훈",
    "speech_order": 15,
    "speech_text": "전문위원입니다. 소위 자료 1페이지입니다. 태영호 의원님 안에서는 무연고 청소년 및 보호자에 관한 내용을 신설하는 내용인데 후견인과 관련해서 법무부에서 협의가 필요하다는 의견이 와 있습니다. 그 부분은 뒤에서 설명드리겠습니다. 제2조에서 5호, 6호로 규정하고 있는데 이것을 11조의2에서 통합하도록 규정하고 있습니다. 2페이지입니다. 무연고 청소년을 현재 만 24세 이하로 하고 있는데 아동이 포함됨을 명확하게 수정했습니다, ‘무연고 아동․청소년을 포함한다.’ 그다음에 법인의 경우에는 법인의 보호자는 그 법인의 대표자가 됨을 명시했습니다. 그다음에 11조의2 2항은 좀 알기 쉽게 2항 본문의 내용을 각 호로 빼서 정리했습니다. 3페이지도 ‘법인’으로 되어 있는 것을 ‘법인의 대표자’로, 그다음에 ‘사업의 내용’을 ‘법인의 목적’으로 수정을 했고, 4호의 그 밖의 사항을 대통령령으로 정하도록 신설했습니다. 그다음에 4항은 소재지 파악을 위한 개인 전화번호 요청과 관련된 사항인데 과잉 금지의 원칙에 따라서 문구를 ‘긴급하게 소재 파악이 필요한 경우’로 수정을 했습니다. 5페이지입니다. 문구 수정과 관련해서 유사 입법례를 참고했고요. 5항은 무연고 청소년에 대한 후견인 선임과 관련된 사항인데 민법상 후견인임을 명확하게 했지만 법무부는 법무부 및 법원과 추가 협의가 필요하다는 의견을 주었습니다. 왜냐하면 무연고 청소년의 범위에 성년도 포함되어 있기 때문에, 현재 성년 후견인과 미성년 후견인의 후견 대상과 절차가 약간 다른 것으로 보여져 협의가 필요하다는 의견입니다. 5페이지의 6항은 자구를 좀 수정해서 명확하게 했고요. 7항도 대통령령 위임 사항에 후견인 선임에 관한 사항을 넣었습니다. 6쪽하고 7쪽은 전화번호 요청과 관련한 입법례를 서술했습니다. 8페이지입니다. 지성호 의원님 안의 내용을 설명드리겠습니다. 12조 3항에 보호대상자 신청의 대상을 통일부장관으로 명확하게 했고 증명서 대신 확인서로 수정했습니다. 9페이지입니다. 5항과 6항에 3항으로 되어 있는 것을 ‘제3항 및 제4항에 따른’ 규정으로 보완을 했습니다. 19조는 현행 규정을 유지했습니다. 10페이지입니다. 24조(교육지원)의 대상에 연령별 교육 수요 등을 고려하기 위해서 ‘나이’ 삭제를 하지 않고 현행과 동일하게 했습니다. 11페이지입니다. 김홍걸 의원님께서 ‘북한이탈주민 대책협의회’의 ‘대책’이 부정적 의미가 있기 때문에 이를 ‘북한이탈주민 보호 및 정착지원협의회’로 수정을 했습니다. 관련 조항이 쭉 서술되어 있고요. 15페이지에 협의회를 인용하고 있는 법률인 군사정전에 관한 협정 체결 이후 납북피해자의 보상 및 지원에 관한 법률 일부를 부칙에서 수정했습니다. 16페이지는 ‘감안’을 ‘고려’로 수정을 했고요. 17페이지는 김영주 의원님 안을 받아들여서 수용하되 16조에 직업훈련의 내용을 서술했습니다. 그 밖의 필요한 사항은 6항으로 신설했고요. 직업훈련기간을 3개월 이상으로 하고 있는데 이탈주민의 수요를 반영해서 ‘3개월 이상’ 규정을 삭제했습니다. 19페이지는 현행 1항의 내용인 대통령령 규정사항을 6항에 신설했습니다. 그다음에 부칙으로 6개월 경과한 날부터 시행하도록 했습니다. 20페이지부터는 통합․조정안을 실었습니다. 이상입니다.",
    "tf_trigger": false,
    "delib_order": 2,
    "bill_review": [
      "4. 북한이탈주민의 보호 및 정착지원에 관한 법률 일부개정법률안(태영호 의원 대표발의)(의안번호 2105418)",
      "5. 북한이탈주민의 보호 및 정착지원에 관한 법률 일부개정법률안(지성호 의원 대표발의)(의안번호 2106268)",
      "6. 북한이탈주민의 보호 및 정착지원에 관한 법률 일부개정법률안(김홍걸 의원 대표발의)(의안번호 2106425)",
      "7. 북한이탈주민의 보호 및 정착지원에 관한 법률 일부개정법률안(정청래 의원 대표발의)(의안번호 2106484)",
      "8. 북한이탈주민의 보호 및 정착지원에 관한 법률 일부개정법률안(김영주 의원 대표발의)(의안번호 2107396)"
    ],
    "agenda_items": [
      4,
      5,
      6,
      7,
      8
    ],
    "agenda_range_str": "의사일정 제4항부터 제8항까지"
  },
  {
    "speech_id": 7309407842598059359,
    "meeting_id": 50796,
    "bills": "1. 남북관계 발전에 관한 법률 일부개정법률안(김영주 의원 대표발의)(의안번호 2106101)\n2. 남북관계 발전에 관한 법률 일부개정법률안(김경협 의원 대표발의)(의안번호 2106395)\n3. 남북관계 발전에 관한 법률 일부개정법률안(안민석 의원 대표발의)(의안번호 2103557)\n4. 북한이탈주민의 보호 및 정착지원에 관한 법률 일부개정법률안(태영호 의원 대표발의)(의안번호 2105418)\n5. 북한이탈주민의 보호 및 정착지원에 관한 법률 일부개정법률안(지성호 의원 대표발의)(의안번호 2106268)\n6. 북한이탈주민의 보호 및 정착지원에 관한 법률 일부개정법률안(김홍걸 의원 대표발의)(의안번호 2106425)\n7. 북한이탈주민의 보호 및 정착지원에 관한 법률 일부개정법률안(정청래 의원 대표발의)(의안번호 2106484)\n8. 북한이탈주민의 보호 및 정착지원에 관한 법률 일부개정법률안(김영주 의원 대표발의)(의안번호 2107396)",
    "member_id": "7409",
    "member_name": "소위원장 김영호",
    "speech_order": 16,
    "speech_text": "다음은 차관께서 정부 측 의견 말씀해 주시기 바랍니다.",
    "tf_trigger": false,
    "delib_order": 2,
    "bill_review": [
      "4. 북한이탈주민의 보호 및 정착지원에 관한 법률 일부개정법률안(태영호 의원 대표발의)(의안번호 2105418)",
      "5. 북한이탈주민의 보호 및 정착지원에 관한 법률 일부개정법률안(지성호 의원 대표발의)(의안번호 2106268)",
      "6. 북한이탈주민의 보호 및 정착지원에 관한 법률 일부개정법률안(김홍걸 의원 대표발의)(의안번호 2106425)",
      "7. 북한이탈주민의 보호 및 정착지원에 관한 법률 일부개정법률안(정청래 의원 대표발의)(의안번호 2106484)",
      "8. 북한이탈주민의 보호 및 정착지원에 관한 법률 일부개정법률안(김영주 의원 대표발의)(의안번호 2107396)"
    ],
    "agenda_items": [
      4,
      5,
      6,
      7,
      8
    ],
    "agenda_range_str": "의사일정 제4항부터 제8항까지"
  },
  {
    "speech_id": 4696036878047015209,
    "meeting_id": 50796,
    "bills": "1. 남북관계 발전에 관한 법률 일부개정법률안(김영주 의원 대표발의)(의안번호 2106101)\n2. 남북관계 발전에 관한 법률 일부개정법률안(김경협 의원 대표발의)(의안번호 2106395)\n3. 남북관계 발전에 관한 법률 일부개정법률안(안민석 의원 대표발의)(의안번호 2103557)\n4. 북한이탈주민의 보호 및 정착지원에 관한 법률 일부개정법률안(태영호 의원 대표발의)(의안번호 2105418)\n5. 북한이탈주민의 보호 및 정착지원에 관한 법률 일부개정법률안(지성호 의원 대표발의)(의안번호 2106268)\n6. 북한이탈주민의 보호 및 정착지원에 관한 법률 일부개정법률안(김홍걸 의원 대표발의)(의안번호 2106425)\n7. 북한이탈주민의 보호 및 정착지원에 관한 법률 일부개정법률안(정청래 의원 대표발의)(의안번호 2106484)\n8. 북한이탈주민의 보호 및 정착지원에 관한 법률 일부개정법률안(김영주 의원 대표발의)(의안번호 2107396)",
    "member_id": " ",
    "member_name": "통일부차관 서호",
    "speech_order": 17,
    "speech_text": "5개 안에 대해서 각각 발의하신 의원님들과 전부 상의했고 또 전문위원과도 상의를 해서 위원님들께서 그때 충분히 토론한 부분을 다 반영했습니다. 그래서 그대로 받아들이는데, 다만 태영호 의원님께도 보고를 드린 바 있는 것으로 알고 있습니다. 후견인 관련해 가지고 법무부에서 조금 더 논의를 하자고 하니까 위원님께서 양해하신 것으로 알고 있는데요. 그래서 태영호 의원님께서 발의하신 부분만을 우선 다음번에 논의하시기로 하고 나머지 4개는 그대로 수용하는 게 좋을 것 같습니다.",
    "tf_trigger": false,
    "delib_order": 2,
    "bill_review": [
      "4. 북한이탈주민의 보호 및 정착지원에 관한 법률 일부개정법률안(태영호 의원 대표발의)(의안번호 2105418)",
      "5. 북한이탈주민의 보호 및 정착지원에 관한 법률 일부개정법률안(지성호 의원 대표발의)(의안번호 2106268)",
      "6. 북한이탈주민의 보호 및 정착지원에 관한 법률 일부개정법률안(김홍걸 의원 대표발의)(의안번호 2106425)",
      "7. 북한이탈주민의 보호 및 정착지원에 관한 법률 일부개정법률안(정청래 의원 대표발의)(의안번호 2106484)",
      "8. 북한이탈주민의 보호 및 정착지원에 관한 법률 일부개정법률안(김영주 의원 대표발의)(의안번호 2107396)"
    ],
    "agenda_items": [
      4,
      5,
      6,
      7,
      8
    ],
    "agenda_range_str": "의사일정 제4항부터 제8항까지"
  },
  {
    "speech_id": 1300823124723247968,
    "meeting_id": 50796,
    "bills": "1. 남북관계 발전에 관한 법률 일부개정법률안(김영주 의원 대표발의)(의안번호 2106101)\n2. 남북관계 발전에 관한 법률 일부개정법률안(김경협 의원 대표발의)(의안번호 2106395)\n3. 남북관계 발전에 관한 법률 일부개정법률안(안민석 의원 대표발의)(의안번호 2103557)\n4. 북한이탈주민의 보호 및 정착지원에 관한 법률 일부개정법률안(태영호 의원 대표발의)(의안번호 2105418)\n5. 북한이탈주민의 보호 및 정착지원에 관한 법률 일부개정법률안(지성호 의원 대표발의)(의안번호 2106268)\n6. 북한이탈주민의 보호 및 정착지원에 관한 법률 일부개정법률안(김홍걸 의원 대표발의)(의안번호 2106425)\n7. 북한이탈주민의 보호 및 정착지원에 관한 법률 일부개정법률안(정청래 의원 대표발의)(의안번호 2106484)\n8. 북한이탈주민의 보호 및 정착지원에 관한 법률 일부개정법률안(김영주 의원 대표발의)(의안번호 2107396)",
    "member_id": "7409",
    "member_name": "소위원장 김영호",
    "speech_order": 18,
    "speech_text": "위원님들, 특히 태영호 위원님, 차관님 말씀에 어떤 입장이신가요?",
    "tf_trigger": false,
    "delib_order": 2,
    "bill_review": [
      "4. 북한이탈주민의 보호 및 정착지원에 관한 법률 일부개정법률안(태영호 의원 대표발의)(의안번호 2105418)",
      "5. 북한이탈주민의 보호 및 정착지원에 관한 법률 일부개정법률안(지성호 의원 대표발의)(의안번호 2106268)",
      "6. 북한이탈주민의 보호 및 정착지원에 관한 법률 일부개정법률안(김홍걸 의원 대표발의)(의안번호 2106425)",
      "7. 북한이탈주민의 보호 및 정착지원에 관한 법률 일부개정법률안(정청래 의원 대표발의)(의안번호 2106484)",
      "8. 북한이탈주민의 보호 및 정착지원에 관한 법률 일부개정법률안(김영주 의원 대표발의)(의안번호 2107396)"
    ],
    "agenda_items": [
      4,
      5,
      6,
      7,
      8
    ],
    "agenda_range_str": "의사일정 제4항부터 제8항까지"
  },
  {
    "speech_id": 5096381095010907786,
    "meeting_id": 50796,
    "bills": "1. 남북관계 발전에 관한 법률 일부개정법률안(김영주 의원 대표발의)(의안번호 2106101)\n2. 남북관계 발전에 관한 법률 일부개정법률안(김경협 의원 대표발의)(의안번호 2106395)\n3. 남북관계 발전에 관한 법률 일부개정법률안(안민석 의원 대표발의)(의안번호 2103557)\n4. 북한이탈주민의 보호 및 정착지원에 관한 법률 일부개정법률안(태영호 의원 대표발의)(의안번호 2105418)\n5. 북한이탈주민의 보호 및 정착지원에 관한 법률 일부개정법률안(지성호 의원 대표발의)(의안번호 2106268)\n6. 북한이탈주민의 보호 및 정착지원에 관한 법률 일부개정법률안(김홍걸 의원 대표발의)(의안번호 2106425)\n7. 북한이탈주민의 보호 및 정착지원에 관한 법률 일부개정법률안(정청래 의원 대표발의)(의안번호 2106484)\n8. 북한이탈주민의 보호 및 정착지원에 관한 법률 일부개정법률안(김영주 의원 대표발의)(의안번호 2107396)",
    "member_id": "7382",
    "member_name": "김기현 위원",
    "speech_order": 19,
    "speech_text": "우선 전체적으로 특별한 다른 의견은 없는데, 그러면 태영호 의원님 것은 다음번에 법무부 의견을 조금 더 들어서 처리하기로 하면 될 것 같고요.",
    "tf_trigger": false,
    "delib_order": 2,
    "bill_review": [
      "4. 북한이탈주민의 보호 및 정착지원에 관한 법률 일부개정법률안(태영호 의원 대표발의)(의안번호 2105418)",
      "5. 북한이탈주민의 보호 및 정착지원에 관한 법률 일부개정법률안(지성호 의원 대표발의)(의안번호 2106268)",
      "6. 북한이탈주민의 보호 및 정착지원에 관한 법률 일부개정법률안(김홍걸 의원 대표발의)(의안번호 2106425)",
      "7. 북한이탈주민의 보호 및 정착지원에 관한 법률 일부개정법률안(정청래 의원 대표발의)(의안번호 2106484)",
      "8. 북한이탈주민의 보호 및 정착지원에 관한 법률 일부개정법률안(김영주 의원 대표발의)(의안번호 2107396)"
    ],
    "agenda_items": [
      4,
      5,
      6,
      7,
      8
    ],
    "agenda_range_str": "의사일정 제4항부터 제8항까지"
  },
  {
    "speech_id": 1210634883089477463,
    "meeting_id": 50796,
    "bills": "1. 남북관계 발전에 관한 법률 일부개정법률안(김영주 의원 대표발의)(의안번호 2106101)\n2. 남북관계 발전에 관한 법률 일부개정법률안(김경협 의원 대표발의)(의안번호 2106395)\n3. 남북관계 발전에 관한 법률 일부개정법률안(안민석 의원 대표발의)(의안번호 2103557)\n4. 북한이탈주민의 보호 및 정착지원에 관한 법률 일부개정법률안(태영호 의원 대표발의)(의안번호 2105418)\n5. 북한이탈주민의 보호 및 정착지원에 관한 법률 일부개정법률안(지성호 의원 대표발의)(의안번호 2106268)\n6. 북한이탈주민의 보호 및 정착지원에 관한 법률 일부개정법률안(김홍걸 의원 대표발의)(의안번호 2106425)\n7. 북한이탈주민의 보호 및 정착지원에 관한 법률 일부개정법률안(정청래 의원 대표발의)(의안번호 2106484)\n8. 북한이탈주민의 보호 및 정착지원에 관한 법률 일부개정법률안(김영주 의원 대표발의)(의안번호 2107396)",
    "member_id": "7409",
    "member_name": "소위원장 김영호",
    "speech_order": 20,
    "speech_text": "태영호 위원님, 동의하세요?",
    "tf_trigger": false,
    "delib_order": 2,
    "bill_review": [
      "4. 북한이탈주민의 보호 및 정착지원에 관한 법률 일부개정법률안(태영호 의원 대표발의)(의안번호 2105418)",
      "5. 북한이탈주민의 보호 및 정착지원에 관한 법률 일부개정법률안(지성호 의원 대표발의)(의안번호 2106268)",
      "6. 북한이탈주민의 보호 및 정착지원에 관한 법률 일부개정법률안(김홍걸 의원 대표발의)(의안번호 2106425)",
      "7. 북한이탈주민의 보호 및 정착지원에 관한 법률 일부개정법률안(정청래 의원 대표발의)(의안번호 2106484)",
      "8. 북한이탈주민의 보호 및 정착지원에 관한 법률 일부개정법률안(김영주 의원 대표발의)(의안번호 2107396)"
    ],
    "agenda_items": [
      4,
      5,
      6,
      7,
      8
    ],
    "agenda_range_str": "의사일정 제4항부터 제8항까지"
  },
  {
    "speech_id": 3818375942052194450,
    "meeting_id": 50796,
    "bills": "1. 남북관계 발전에 관한 법률 일부개정법률안(김영주 의원 대표발의)(의안번호 2106101)\n2. 남북관계 발전에 관한 법률 일부개정법률안(김경협 의원 대표발의)(의안번호 2106395)\n3. 남북관계 발전에 관한 법률 일부개정법률안(안민석 의원 대표발의)(의안번호 2103557)\n4. 북한이탈주민의 보호 및 정착지원에 관한 법률 일부개정법률안(태영호 의원 대표발의)(의안번호 2105418)\n5. 북한이탈주민의 보호 및 정착지원에 관한 법률 일부개정법률안(지성호 의원 대표발의)(의안번호 2106268)\n6. 북한이탈주민의 보호 및 정착지원에 관한 법률 일부개정법률안(김홍걸 의원 대표발의)(의안번호 2106425)\n7. 북한이탈주민의 보호 및 정착지원에 관한 법률 일부개정법률안(정청래 의원 대표발의)(의안번호 2106484)\n8. 북한이탈주민의 보호 및 정착지원에 관한 법률 일부개정법률안(김영주 의원 대표발의)(의안번호 2107396)",
    "member_id": "7635",
    "member_name": "태영호 위원",
    "speech_order": 21,
    "speech_text": "예, 그렇게 하시지요.",
    "tf_trigger": false,
    "delib_order": 2,
    "bill_review": [
      "4. 북한이탈주민의 보호 및 정착지원에 관한 법률 일부개정법률안(태영호 의원 대표발의)(의안번호 2105418)",
      "5. 북한이탈주민의 보호 및 정착지원에 관한 법률 일부개정법률안(지성호 의원 대표발의)(의안번호 2106268)",
      "6. 북한이탈주민의 보호 및 정착지원에 관한 법률 일부개정법률안(김홍걸 의원 대표발의)(의안번호 2106425)",
      "7. 북한이탈주민의 보호 및 정착지원에 관한 법률 일부개정법률안(정청래 의원 대표발의)(의안번호 2106484)",
      "8. 북한이탈주민의 보호 및 정착지원에 관한 법률 일부개정법률안(김영주 의원 대표발의)(의안번호 2107396)"
    ],
    "agenda_items": [
      4,
      5,
      6,
      7,
      8
    ],
    "agenda_range_str": "의사일정 제4항부터 제8항까지"
  },
  {
    "speech_id": 4868375283281585021,
    "meeting_id": 50796,
    "bills": "1. 남북관계 발전에 관한 법률 일부개정법률안(김영주 의원 대표발의)(의안번호 2106101)\n2. 남북관계 발전에 관한 법률 일부개정법률안(김경협 의원 대표발의)(의안번호 2106395)\n3. 남북관계 발전에 관한 법률 일부개정법률안(안민석 의원 대표발의)(의안번호 2103557)\n4. 북한이탈주민의 보호 및 정착지원에 관한 법률 일부개정법률안(태영호 의원 대표발의)(의안번호 2105418)\n5. 북한이탈주민의 보호 및 정착지원에 관한 법률 일부개정법률안(지성호 의원 대표발의)(의안번호 2106268)\n6. 북한이탈주민의 보호 및 정착지원에 관한 법률 일부개정법률안(김홍걸 의원 대표발의)(의안번호 2106425)\n7. 북한이탈주민의 보호 및 정착지원에 관한 법률 일부개정법률안(정청래 의원 대표발의)(의안번호 2106484)\n8. 북한이탈주민의 보호 및 정착지원에 관한 법률 일부개정법률안(김영주 의원 대표발의)(의안번호 2107396)",
    "member_id": "7382",
    "member_name": "김기현 위원",
    "speech_order": 22,
    "speech_text": "제가 하나만 여쭈어보려는데요. 증명서하고 확인서가 어떻게 다른 것이고 어떤 절차를 통해서 발급할 예정인가요?",
    "tf_trigger": false,
    "delib_order": 2,
    "bill_review": [
      "4. 북한이탈주민의 보호 및 정착지원에 관한 법률 일부개정법률안(태영호 의원 대표발의)(의안번호 2105418)",
      "5. 북한이탈주민의 보호 및 정착지원에 관한 법률 일부개정법률안(지성호 의원 대표발의)(의안번호 2106268)",
      "6. 북한이탈주민의 보호 및 정착지원에 관한 법률 일부개정법률안(김홍걸 의원 대표발의)(의안번호 2106425)",
      "7. 북한이탈주민의 보호 및 정착지원에 관한 법률 일부개정법률안(정청래 의원 대표발의)(의안번호 2106484)",
      "8. 북한이탈주민의 보호 및 정착지원에 관한 법률 일부개정법률안(김영주 의원 대표발의)(의안번호 2107396)"
    ],
    "agenda_items": [
      4,
      5,
      6,
      7,
      8
    ],
    "agenda_range_str": "의사일정 제4항부터 제8항까지"
  },
  {
    "speech_id": 5935127997553423981,
    "meeting_id": 50796,
    "bills": "1. 남북관계 발전에 관한 법률 일부개정법률안(김영주 의원 대표발의)(의안번호 2106101)\n2. 남북관계 발전에 관한 법률 일부개정법률안(김경협 의원 대표발의)(의안번호 2106395)\n3. 남북관계 발전에 관한 법률 일부개정법률안(안민석 의원 대표발의)(의안번호 2103557)\n4. 북한이탈주민의 보호 및 정착지원에 관한 법률 일부개정법률안(태영호 의원 대표발의)(의안번호 2105418)\n5. 북한이탈주민의 보호 및 정착지원에 관한 법률 일부개정법률안(지성호 의원 대표발의)(의안번호 2106268)\n6. 북한이탈주민의 보호 및 정착지원에 관한 법률 일부개정법률안(김홍걸 의원 대표발의)(의안번호 2106425)\n7. 북한이탈주민의 보호 및 정착지원에 관한 법률 일부개정법률안(정청래 의원 대표발의)(의안번호 2106484)\n8. 북한이탈주민의 보호 및 정착지원에 관한 법률 일부개정법률안(김영주 의원 대표발의)(의안번호 2107396)",
    "member_id": " ",
    "member_name": "통일부차관 서호",
    "speech_order": 23,
    "speech_text": "동사무소, 주민 지원 센터에서 발행하는 용어하고 너무 똑같아 가지고, 확인서는 탈북민들만, 제가 그때 법안심사소위에서 말씀을 드린 대로 특정한 대상을 대상으로 하고 있기 때문에 동사무소에서 떼는 것하고는 좀 차별성을 두려고 확인서로 명칭을 바꿨습니다.",
    "tf_trigger": false,
    "delib_order": 2,
    "bill_review": [
      "4. 북한이탈주민의 보호 및 정착지원에 관한 법률 일부개정법률안(태영호 의원 대표발의)(의안번호 2105418)",
      "5. 북한이탈주민의 보호 및 정착지원에 관한 법률 일부개정법률안(지성호 의원 대표발의)(의안번호 2106268)",
      "6. 북한이탈주민의 보호 및 정착지원에 관한 법률 일부개정법률안(김홍걸 의원 대표발의)(의안번호 2106425)",
      "7. 북한이탈주민의 보호 및 정착지원에 관한 법률 일부개정법률안(정청래 의원 대표발의)(의안번호 2106484)",
      "8. 북한이탈주민의 보호 및 정착지원에 관한 법률 일부개정법률안(김영주 의원 대표발의)(의안번호 2107396)"
    ],
    "agenda_items": [
      4,
      5,
      6,
      7,
      8
    ],
    "agenda_range_str": "의사일정 제4항부터 제8항까지"
  },
  {
    "speech_id": 7890101576646983407,
    "meeting_id": 50796,
    "bills": "1. 남북관계 발전에 관한 법률 일부개정법률안(김영주 의원 대표발의)(의안번호 2106101)\n2. 남북관계 발전에 관한 법률 일부개정법률안(김경협 의원 대표발의)(의안번호 2106395)\n3. 남북관계 발전에 관한 법률 일부개정법률안(안민석 의원 대표발의)(의안번호 2103557)\n4. 북한이탈주민의 보호 및 정착지원에 관한 법률 일부개정법률안(태영호 의원 대표발의)(의안번호 2105418)\n5. 북한이탈주민의 보호 및 정착지원에 관한 법률 일부개정법률안(지성호 의원 대표발의)(의안번호 2106268)\n6. 북한이탈주민의 보호 및 정착지원에 관한 법률 일부개정법률안(김홍걸 의원 대표발의)(의안번호 2106425)\n7. 북한이탈주민의 보호 및 정착지원에 관한 법률 일부개정법률안(정청래 의원 대표발의)(의안번호 2106484)\n8. 북한이탈주민의 보호 및 정착지원에 관한 법률 일부개정법률안(김영주 의원 대표발의)(의안번호 2107396)",
    "member_id": "7382",
    "member_name": "김기현 위원",
    "speech_order": 24,
    "speech_text": "용어를 증명서하고 확인서로 달리했을 뿐이지 내용은 결과적으로 같은 것이 되잖아요. 그런 거지요?",
    "tf_trigger": false,
    "delib_order": 2,
    "bill_review": [
      "4. 북한이탈주민의 보호 및 정착지원에 관한 법률 일부개정법률안(태영호 의원 대표발의)(의안번호 2105418)",
      "5. 북한이탈주민의 보호 및 정착지원에 관한 법률 일부개정법률안(지성호 의원 대표발의)(의안번호 2106268)",
      "6. 북한이탈주민의 보호 및 정착지원에 관한 법률 일부개정법률안(김홍걸 의원 대표발의)(의안번호 2106425)",
      "7. 북한이탈주민의 보호 및 정착지원에 관한 법률 일부개정법률안(정청래 의원 대표발의)(의안번호 2106484)",
      "8. 북한이탈주민의 보호 및 정착지원에 관한 법률 일부개정법률안(김영주 의원 대표발의)(의안번호 2107396)"
    ],
    "agenda_items": [
      4,
      5,
      6,
      7,
      8
    ],
    "agenda_range_str": "의사일정 제4항부터 제8항까지"
  },
  {
    "speech_id": 857981661534222744,
    "meeting_id": 50796,
    "bills": "1. 남북관계 발전에 관한 법률 일부개정법률안(김영주 의원 대표발의)(의안번호 2106101)\n2. 남북관계 발전에 관한 법률 일부개정법률안(김경협 의원 대표발의)(의안번호 2106395)\n3. 남북관계 발전에 관한 법률 일부개정법률안(안민석 의원 대표발의)(의안번호 2103557)\n4. 북한이탈주민의 보호 및 정착지원에 관한 법률 일부개정법률안(태영호 의원 대표발의)(의안번호 2105418)\n5. 북한이탈주민의 보호 및 정착지원에 관한 법률 일부개정법률안(지성호 의원 대표발의)(의안번호 2106268)\n6. 북한이탈주민의 보호 및 정착지원에 관한 법률 일부개정법률안(김홍걸 의원 대표발의)(의안번호 2106425)\n7. 북한이탈주민의 보호 및 정착지원에 관한 법률 일부개정법률안(정청래 의원 대표발의)(의안번호 2106484)\n8. 북한이탈주민의 보호 및 정착지원에 관한 법률 일부개정법률안(김영주 의원 대표발의)(의안번호 2107396)",
    "member_id": " ",
    "member_name": "통일부차관 서호",
    "speech_order": 25,
    "speech_text": "그러니까 동사무소에서 떼는 것은 증명서로 하는 거고 저희가 떼는 것은 확인서가 되는 거지요.",
    "tf_trigger": false,
    "delib_order": 2,
    "bill_review": [
      "4. 북한이탈주민의 보호 및 정착지원에 관한 법률 일부개정법률안(태영호 의원 대표발의)(의안번호 2105418)",
      "5. 북한이탈주민의 보호 및 정착지원에 관한 법률 일부개정법률안(지성호 의원 대표발의)(의안번호 2106268)",
      "6. 북한이탈주민의 보호 및 정착지원에 관한 법률 일부개정법률안(김홍걸 의원 대표발의)(의안번호 2106425)",
      "7. 북한이탈주민의 보호 및 정착지원에 관한 법률 일부개정법률안(정청래 의원 대표발의)(의안번호 2106484)",
      "8. 북한이탈주민의 보호 및 정착지원에 관한 법률 일부개정법률안(김영주 의원 대표발의)(의안번호 2107396)"
    ],
    "agenda_items": [
      4,
      5,
      6,
      7,
      8
    ],
    "agenda_range_str": "의사일정 제4항부터 제8항까지"
  },
  {
    "speech_id": 7003877949266879718,
    "meeting_id": 50796,
    "bills": "1. 남북관계 발전에 관한 법률 일부개정법률안(김영주 의원 대표발의)(의안번호 2106101)\n2. 남북관계 발전에 관한 법률 일부개정법률안(김경협 의원 대표발의)(의안번호 2106395)\n3. 남북관계 발전에 관한 법률 일부개정법률안(안민석 의원 대표발의)(의안번호 2103557)\n4. 북한이탈주민의 보호 및 정착지원에 관한 법률 일부개정법률안(태영호 의원 대표발의)(의안번호 2105418)\n5. 북한이탈주민의 보호 및 정착지원에 관한 법률 일부개정법률안(지성호 의원 대표발의)(의안번호 2106268)\n6. 북한이탈주민의 보호 및 정착지원에 관한 법률 일부개정법률안(김홍걸 의원 대표발의)(의안번호 2106425)\n7. 북한이탈주민의 보호 및 정착지원에 관한 법률 일부개정법률안(정청래 의원 대표발의)(의안번호 2106484)\n8. 북한이탈주민의 보호 및 정착지원에 관한 법률 일부개정법률안(김영주 의원 대표발의)(의안번호 2107396)",
    "member_id": "7382",
    "member_name": "김기현 위원",
    "speech_order": 26,
    "speech_text": "그러니까 그 내용을 통일부장관이 발행해 주는 별도의 확인서다 이런 의미네요. 그렇지요?",
    "tf_trigger": false,
    "delib_order": 2,
    "bill_review": [
      "4. 북한이탈주민의 보호 및 정착지원에 관한 법률 일부개정법률안(태영호 의원 대표발의)(의안번호 2105418)",
      "5. 북한이탈주민의 보호 및 정착지원에 관한 법률 일부개정법률안(지성호 의원 대표발의)(의안번호 2106268)",
      "6. 북한이탈주민의 보호 및 정착지원에 관한 법률 일부개정법률안(김홍걸 의원 대표발의)(의안번호 2106425)",
      "7. 북한이탈주민의 보호 및 정착지원에 관한 법률 일부개정법률안(정청래 의원 대표발의)(의안번호 2106484)",
      "8. 북한이탈주민의 보호 및 정착지원에 관한 법률 일부개정법률안(김영주 의원 대표발의)(의안번호 2107396)"
    ],
    "agenda_items": [
      4,
      5,
      6,
      7,
      8
    ],
    "agenda_range_str": "의사일정 제4항부터 제8항까지"
  },
  {
    "speech_id": 4239648015607188546,
    "meeting_id": 50796,
    "bills": "1. 남북관계 발전에 관한 법률 일부개정법률안(김영주 의원 대표발의)(의안번호 2106101)\n2. 남북관계 발전에 관한 법률 일부개정법률안(김경협 의원 대표발의)(의안번호 2106395)\n3. 남북관계 발전에 관한 법률 일부개정법률안(안민석 의원 대표발의)(의안번호 2103557)\n4. 북한이탈주민의 보호 및 정착지원에 관한 법률 일부개정법률안(태영호 의원 대표발의)(의안번호 2105418)\n5. 북한이탈주민의 보호 및 정착지원에 관한 법률 일부개정법률안(지성호 의원 대표발의)(의안번호 2106268)\n6. 북한이탈주민의 보호 및 정착지원에 관한 법률 일부개정법률안(김홍걸 의원 대표발의)(의안번호 2106425)\n7. 북한이탈주민의 보호 및 정착지원에 관한 법률 일부개정법률안(정청래 의원 대표발의)(의안번호 2106484)\n8. 북한이탈주민의 보호 및 정착지원에 관한 법률 일부개정법률안(김영주 의원 대표발의)(의안번호 2107396)",
    "member_id": " ",
    "member_name": "통일부차관 서호",
    "speech_order": 27,
    "speech_text": "예, 통일부장관이 발행하는 것입니다.",
    "tf_trigger": false,
    "delib_order": 2,
    "bill_review": [
      "4. 북한이탈주민의 보호 및 정착지원에 관한 법률 일부개정법률안(태영호 의원 대표발의)(의안번호 2105418)",
      "5. 북한이탈주민의 보호 및 정착지원에 관한 법률 일부개정법률안(지성호 의원 대표발의)(의안번호 2106268)",
      "6. 북한이탈주민의 보호 및 정착지원에 관한 법률 일부개정법률안(김홍걸 의원 대표발의)(의안번호 2106425)",
      "7. 북한이탈주민의 보호 및 정착지원에 관한 법률 일부개정법률안(정청래 의원 대표발의)(의안번호 2106484)",
      "8. 북한이탈주민의 보호 및 정착지원에 관한 법률 일부개정법률안(김영주 의원 대표발의)(의안번호 2107396)"
    ],
    "agenda_items": [
      4,
      5,
      6,
      7,
      8
    ],
    "agenda_range_str": "의사일정 제4항부터 제8항까지"
  },
  {
    "speech_id": 4378125025916761989,
    "meeting_id": 50796,
    "bills": "1. 남북관계 발전에 관한 법률 일부개정법률안(김영주 의원 대표발의)(의안번호 2106101)\n2. 남북관계 발전에 관한 법률 일부개정법률안(김경협 의원 대표발의)(의안번호 2106395)\n3. 남북관계 발전에 관한 법률 일부개정법률안(안민석 의원 대표발의)(의안번호 2103557)\n4. 북한이탈주민의 보호 및 정착지원에 관한 법률 일부개정법률안(태영호 의원 대표발의)(의안번호 2105418)\n5. 북한이탈주민의 보호 및 정착지원에 관한 법률 일부개정법률안(지성호 의원 대표발의)(의안번호 2106268)\n6. 북한이탈주민의 보호 및 정착지원에 관한 법률 일부개정법률안(김홍걸 의원 대표발의)(의안번호 2106425)\n7. 북한이탈주민의 보호 및 정착지원에 관한 법률 일부개정법률안(정청래 의원 대표발의)(의안번호 2106484)\n8. 북한이탈주민의 보호 및 정착지원에 관한 법률 일부개정법률안(김영주 의원 대표발의)(의안번호 2107396)",
    "member_id": "7382",
    "member_name": "김기현 위원",
    "speech_order": 28,
    "speech_text": "알겠습니다.",
    "tf_trigger": false,
    "delib_order": 2,
    "bill_review": [
      "4. 북한이탈주민의 보호 및 정착지원에 관한 법률 일부개정법률안(태영호 의원 대표발의)(의안번호 2105418)",
      "5. 북한이탈주민의 보호 및 정착지원에 관한 법률 일부개정법률안(지성호 의원 대표발의)(의안번호 2106268)",
      "6. 북한이탈주민의 보호 및 정착지원에 관한 법률 일부개정법률안(김홍걸 의원 대표발의)(의안번호 2106425)",
      "7. 북한이탈주민의 보호 및 정착지원에 관한 법률 일부개정법률안(정청래 의원 대표발의)(의안번호 2106484)",
      "8. 북한이탈주민의 보호 및 정착지원에 관한 법률 일부개정법률안(김영주 의원 대표발의)(의안번호 2107396)"
    ],
    "agenda_items": [
      4,
      5,
      6,
      7,
      8
    ],
    "agenda_range_str": "의사일정 제4항부터 제8항까지"
  },
  {
    "speech_id": 7948095386811367048,
    "meeting_id": 50796,
    "bills": "1. 남북관계 발전에 관한 법률 일부개정법률안(김영주 의원 대표발의)(의안번호 2106101)\n2. 남북관계 발전에 관한 법률 일부개정법률안(김경협 의원 대표발의)(의안번호 2106395)\n3. 남북관계 발전에 관한 법률 일부개정법률안(안민석 의원 대표발의)(의안번호 2103557)\n4. 북한이탈주민의 보호 및 정착지원에 관한 법률 일부개정법률안(태영호 의원 대표발의)(의안번호 2105418)\n5. 북한이탈주민의 보호 및 정착지원에 관한 법률 일부개정법률안(지성호 의원 대표발의)(의안번호 2106268)\n6. 북한이탈주민의 보호 및 정착지원에 관한 법률 일부개정법률안(김홍걸 의원 대표발의)(의안번호 2106425)\n7. 북한이탈주민의 보호 및 정착지원에 관한 법률 일부개정법률안(정청래 의원 대표발의)(의안번호 2106484)\n8. 북한이탈주민의 보호 및 정착지원에 관한 법률 일부개정법률안(김영주 의원 대표발의)(의안번호 2107396)",
    "member_id": "7409",
    "member_name": "소위원장 김영호",
    "speech_order": 29,
    "speech_text": "더 이상 의견이 없으시면 토론을 종결하고 의결하도록 하겠습니다. 의사일정 제4항 태영호 의원이 대표발의한 북한이탈주민의 보호 및 정착지원에 관한 법률 일부개정법률안은 소위원회에서 계속하여 심사하기로 하고, 의사일정 제5항부터 제8항까지 이상 4건의 북한이탈주민의 보호 및 정착지원에 관한 법률 일부개정법률안은 각각 본회의에 부의하지 아니하고 이들 법률안의 내용과 소위원회 심사 내용을 반영하여 수정․정리한 대안을 우리 위원회안으로 제안하고자 하는데 이의 있으신가요? (｢없습니다｣ 하는 위원 있음) 이의가 없으므로 가결되었음을 선포합니다. 이상으로 오늘 예정된 안건에 대한 심사를 모두 마치겠습니다. 오늘 의결된 안건의 체계 및 자구 정리는 소위원장에게 위임해 주시기 바랍니다. 위원님 여러분, 안건 심사에 수고 많으셨습니다. 차관님을 비롯한 정부 관계 직원 여러분, 보좌진을 비롯한 국회 직원 여러분, 수고 많으셨습니다. 산회를 선포합니다.",
    "tf_trigger": false,
    "delib_order": 2,
    "bill_review": [
      "4. 북한이탈주민의 보호 및 정착지원에 관한 법률 일부개정법률안(태영호 의원 대표발의)(의안번호 2105418)",
      "5. 북한이탈주민의 보호 및 정착지원에 관한 법률 일부개정법률안(지성호 의원 대표발의)(의안번호 2106268)",
      "6. 북한이탈주민의 보호 및 정착지원에 관한 법률 일부개정법률안(김홍걸 의원 대표발의)(의안번호 2106425)",
      "7. 북한이탈주민의 보호 및 정착지원에 관한 법률 일부개정법률안(정청래 의원 대표발의)(의안번호 2106484)",
      "8. 북한이탈주민의 보호 및 정착지원에 관한 법률 일부개정법률안(김영주 의원 대표발의)(의안번호 2107396)"
    ],
    "agenda_items": [
      4,
      5,
      6,
      7,
      8
    ],
    "agenda_range_str": "의사일정 제4항부터 제8항까지"
  }
]