[
  {
    "speech_id": 7510484009772127807,
    "meeting_id": 51194,
    "bills": "개의",
    "member_id": "7408",
    "member_name": "소위원장 김영진",
    "speech_order": 1,
    "speech_text": "의석을 정돈해 주시기 바랍니다.   성원이 되었으므로 제390회 국회(임시회) 기획재정위원회 제2차 조세소위원회를 개회하겠습니다.  바쁘신 중에도 참석해 주신 여러 위원님과 관계 공무원 여러분께 감사의 말씀을 드립니다.   그러면 의사일정에 들어가겠습니다.",
    "tf_trigger": false,
    "delib_order": null,
    "bill_review": [],
    "agenda_items": [],
    "agenda_range_str": null
  },
  {
    "speech_id": 4864357782691562672,
    "meeting_id": 51194,
    "bills": "1. 종합부동산세법 일부개정법률안(배현진 의원 대표발의)(의안번호 2100083) \n2. 종합부동산세법 일부개정법률안(태영호 의원 대표발의)(의안번호 2100176) \n3. 종합부동산세법 일부개정법률안(태영호 의원 대표발의)(의안번호 2100605) \n4. 종합부동산세법 일부개정법률안(박성중 의원 대표발의)(의안번호 2100606) \n5. 종합부동산세법 일부개정법률안(유경준 의원 대표발의)(의안번호 2101166) \n6. 종합부동산세법 일부개정법률안(강병원 의원 대표발의)(의안번호 2101442) \n7. 종합부동산세법 일부개정법률안(김정호 의원 대표발의)(의안번호 2101548) \n8. 종합부동산세법 일부개정법률안(김진애 의원 대표발의)(의안번호 2101713) \n9. 종합부동산세법 일부개정법률안(박홍근 의원 대표발의)(의안번호 2101723)\n10. 종합부동산세법 일부개정법률안(윤희숙 의원 대표발의)(의안번호 2102022)\n11. 종합부동산세법 일부개정법률안(추경호 의원 대표발의)(의안번호 2102345)\n12. 종합부동산세법 일부개정법률안(박성중 의원 대표발의)(의안번호 2102356)\n13. 종합부동산세법 일부개정법률안(심상정 의원 대표발의)(의안번호 2104529)\n14. 종합부동산세법 일부개정법률안(정일영 의원 대표발의)(의안번호 2104580)\n15. 종합부동산세법 일부개정법률안(이용우 의원 대표발의)(의안번호 2106100)\n16. 종합부동산세법 일부개정법률안(태영호 의원 대표발의)(의안번호 2107199)\n17. 종합부동산세법 일부개정법률안(윤후덕 의원 대표발의)(의안번호 2107557)\n18. 종합부동산세법 일부개정법률안(박성중 의원 대표발의)(의안번호 2108318)\n19. 종합부동산세법 일부개정법률안(김은혜 의원 대표발의)(의안번호 2109426)\n20. 종합부동산세법 일부개정법률안(권영세 의원 대표발의)(의안번호 2109495)\n21. 종합부동산세법 일부개정법률안(김병욱 의원 대표발의)(의안번호 2109603)\n22. 종합부동산세법 일부개정법률안(이헌승 의원 대표발의)(의안번호 2109668)\n23. 종합부동산세법 일부개정법률안(추경호 의원 대표발의)(의안번호 2110074)\n24. 종합부동산세법 일부개정법률안(김수흥 의원 대표발의)(의안번호 2110080)\n25. 종합부동산세법 일부개정법률안(윤희숙 의원 대표발의)(의안번호 2110693)\n26. 종합부동산세법 일부개정법률안(유동수 의원 대표발의)(의안번호 2111379)",
    "member_id": "7408",
    "member_name": "소위원장 김영진",
    "speech_order": 2,
    "speech_text": "의사일정 제1항부터 제26항까지 이상 26건의 종합부동산세법 일부개정법률안을 일괄하여 상정합니다.  1번부터 26번까지의 항에 관해서 여러 차례 심사를 하였으므로 오늘은 전문위원 설명과 정부 측 의견 진술을 생략하고 위원님들의 의견을 듣고 의결할 수 있도록 하겠습니다.  여야 위원님들께서 많은 의견을 주셨기 때문에 관련해서 의견 있으면 의견을 주시기 바랍니다.",
    "tf_trigger": true,
    "delib_order": 1,
    "bill_review": [
      "1. 종합부동산세법 일부개정법률안(배현진 의원 대표발의)(의안번호 2100083)",
      "2. 종합부동산세법 일부개정법률안(태영호 의원 대표발의)(의안번호 2100176)",
      "3. 종합부동산세법 일부개정법률안(태영호 의원 대표발의)(의안번호 2100605)",
      "4. 종합부동산세법 일부개정법률안(박성중 의원 대표발의)(의안번호 2100606)",
      "5. 종합부동산세법 일부개정법률안(유경준 의원 대표발의)(의안번호 2101166)",
      "6. 종합부동산세법 일부개정법률안(강병원 의원 대표발의)(의안번호 2101442)",
      "7. 종합부동산세법 일부개정법률안(김정호 의원 대표발의)(의안번호 2101548)",
      "8. 종합부동산세법 일부개정법률안(김진애 의원 대표발의)(의안번호 2101713)",
      "9. 종합부동산세법 일부개정법률안(박홍근 의원 대표발의)(의안번호 2101723)",
      "10. 종합부동산세법 일부개정법률안(윤희숙 의원 대표발의)(의안번호 2102022)",
      "11. 종합부동산세법 일부개정법률안(추경호 의원 대표발의)(의안번호 2102345)",
      "12. 종합부동산세법 일부개정법률안(박성중 의원 대표발의)(의안번호 2102356)",
      "13. 종합부동산세법 일부개정법률안(심상정 의원 대표발의)(의안번호 2104529)",
      "14. 종합부동산세법 일부개정법률안(정일영 의원 대표발의)(의안번호 2104580)",
      "15. 종합부동산세법 일부개정법률안(이용우 의원 대표발의)(의안번호 2106100)",
      "16. 종합부동산세법 일부개정법률안(태영호 의원 대표발의)(의안번호 2107199)",
      "17. 종합부동산세법 일부개정법률안(윤후덕 의원 대표발의)(의안번호 2107557)",
      "18. 종합부동산세법 일부개정법률안(박성중 의원 대표발의)(의안번호 2108318)",
      "19. 종합부동산세법 일부개정법률안(김은혜 의원 대표발의)(의안번호 2109426)",
      "20. 종합부동산세법 일부개정법률안(권영세 의원 대표발의)(의안번호 2109495)",
      "21. 종합부동산세법 일부개정법률안(김병욱 의원 대표발의)(의안번호 2109603)",
      "22. 종합부동산세법 일부개정법률안(이헌승 의원 대표발의)(의안번호 2109668)",
      "23. 종합부동산세법 일부개정법률안(추경호 의원 대표발의)(의안번호 2110074)",
      "24. 종합부동산세법 일부개정법률안(김수흥 의원 대표발의)(의안번호 2110080)",
      "25. 종합부동산세법 일부개정법률안(윤희숙 의원 대표발의)(의안번호 2110693)",
      "26. 종합부동산세법 일부개정법률안(유동수 의원 대표발의)(의안번호 2111379)"
    ],
    "agenda_items": [
      1,
      2,
      3,
      4,
      5,
      6,
      7,
      8,
      9,
      10,
      11,
      12,
      13,
      14,
      15,
      16,
      17,
      18,
      19,
      20,
      21,
      22,
      23,
      24,
      25,
      26
    ],
    "agenda_range_str": "의사일정 제1항부터 제26항까지"
  },
  {
    "speech_id": 1610243460069595099,
    "meeting_id": 51194,
    "bills": "1. 종합부동산세법 일부개정법률안(배현진 의원 대표발의)(의안번호 2100083) \n2. 종합부동산세법 일부개정법률안(태영호 의원 대표발의)(의안번호 2100176) \n3. 종합부동산세법 일부개정법률안(태영호 의원 대표발의)(의안번호 2100605) \n4. 종합부동산세법 일부개정법률안(박성중 의원 대표발의)(의안번호 2100606) \n5. 종합부동산세법 일부개정법률안(유경준 의원 대표발의)(의안번호 2101166) \n6. 종합부동산세법 일부개정법률안(강병원 의원 대표발의)(의안번호 2101442) \n7. 종합부동산세법 일부개정법률안(김정호 의원 대표발의)(의안번호 2101548) \n8. 종합부동산세법 일부개정법률안(김진애 의원 대표발의)(의안번호 2101713) \n9. 종합부동산세법 일부개정법률안(박홍근 의원 대표발의)(의안번호 2101723)\n10. 종합부동산세법 일부개정법률안(윤희숙 의원 대표발의)(의안번호 2102022)\n11. 종합부동산세법 일부개정법률안(추경호 의원 대표발의)(의안번호 2102345)\n12. 종합부동산세법 일부개정법률안(박성중 의원 대표발의)(의안번호 2102356)\n13. 종합부동산세법 일부개정법률안(심상정 의원 대표발의)(의안번호 2104529)\n14. 종합부동산세법 일부개정법률안(정일영 의원 대표발의)(의안번호 2104580)\n15. 종합부동산세법 일부개정법률안(이용우 의원 대표발의)(의안번호 2106100)\n16. 종합부동산세법 일부개정법률안(태영호 의원 대표발의)(의안번호 2107199)\n17. 종합부동산세법 일부개정법률안(윤후덕 의원 대표발의)(의안번호 2107557)\n18. 종합부동산세법 일부개정법률안(박성중 의원 대표발의)(의안번호 2108318)\n19. 종합부동산세법 일부개정법률안(김은혜 의원 대표발의)(의안번호 2109426)\n20. 종합부동산세법 일부개정법률안(권영세 의원 대표발의)(의안번호 2109495)\n21. 종합부동산세법 일부개정법률안(김병욱 의원 대표발의)(의안번호 2109603)\n22. 종합부동산세법 일부개정법률안(이헌승 의원 대표발의)(의안번호 2109668)\n23. 종합부동산세법 일부개정법률안(추경호 의원 대표발의)(의안번호 2110074)\n24. 종합부동산세법 일부개정법률안(김수흥 의원 대표발의)(의안번호 2110080)\n25. 종합부동산세법 일부개정법률안(윤희숙 의원 대표발의)(의안번호 2110693)\n26. 종합부동산세법 일부개정법률안(유동수 의원 대표발의)(의안번호 2111379)",
    "member_id": "7512",
    "member_name": "용혜인 위원",
    "speech_order": 3,
    "speech_text": "저 반대 의견 있습니다.",
    "tf_trigger": false,
    "delib_order": 1,
    "bill_review": [
      "1. 종합부동산세법 일부개정법률안(배현진 의원 대표발의)(의안번호 2100083)",
      "2. 종합부동산세법 일부개정법률안(태영호 의원 대표발의)(의안번호 2100176)",
      "3. 종합부동산세법 일부개정법률안(태영호 의원 대표발의)(의안번호 2100605)",
      "4. 종합부동산세법 일부개정법률안(박성중 의원 대표발의)(의안번호 2100606)",
      "5. 종합부동산세법 일부개정법률안(유경준 의원 대표발의)(의안번호 2101166)",
      "6. 종합부동산세법 일부개정법률안(강병원 의원 대표발의)(의안번호 2101442)",
      "7. 종합부동산세법 일부개정법률안(김정호 의원 대표발의)(의안번호 2101548)",
      "8. 종합부동산세법 일부개정법률안(김진애 의원 대표발의)(의안번호 2101713)",
      "9. 종합부동산세법 일부개정법률안(박홍근 의원 대표발의)(의안번호 2101723)",
      "10. 종합부동산세법 일부개정법률안(윤희숙 의원 대표발의)(의안번호 2102022)",
      "11. 종합부동산세법 일부개정법률안(추경호 의원 대표발의)(의안번호 2102345)",
      "12. 종합부동산세법 일부개정법률안(박성중 의원 대표발의)(의안번호 2102356)",
      "13. 종합부동산세법 일부개정법률안(심상정 의원 대표발의)(의안번호 2104529)",
      "14. 종합부동산세법 일부개정법률안(정일영 의원 대표발의)(의안번호 2104580)",
      "15. 종합부동산세법 일부개정법률안(이용우 의원 대표발의)(의안번호 2106100)",
      "16. 종합부동산세법 일부개정법률안(태영호 의원 대표발의)(의안번호 2107199)",
      "17. 종합부동산세법 일부개정법률안(윤후덕 의원 대표발의)(의안번호 2107557)",
      "18. 종합부동산세법 일부개정법률안(박성중 의원 대표발의)(의안번호 2108318)",
      "19. 종합부동산세법 일부개정법률안(김은혜 의원 대표발의)(의안번호 2109426)",
      "20. 종합부동산세법 일부개정법률안(권영세 의원 대표발의)(의안번호 2109495)",
      "21. 종합부동산세법 일부개정법률안(김병욱 의원 대표발의)(의안번호 2109603)",
      "22. 종합부동산세법 일부개정법률안(이헌승 의원 대표발의)(의안번호 2109668)",
      "23. 종합부동산세법 일부개정법률안(추경호 의원 대표발의)(의안번호 2110074)",
      "24. 종합부동산세법 일부개정법률안(김수흥 의원 대표발의)(의안번호 2110080)",
      "25. 종합부동산세법 일부개정법률안(윤희숙 의원 대표발의)(의안번호 2110693)",
      "26. 종합부동산세법 일부개정법률안(유동수 의원 대표발의)(의안번호 2111379)"
    ],
    "agenda_items": [
      1,
      2,
      3,
      4,
      5,
      6,
      7,
      8,
      9,
      10,
      11,
      12,
      13,
      14,
      15,
      16,
      17,
      18,
      19,
      20,
      21,
      22,
      23,
      24,
      25,
      26
    ],
    "agenda_range_str": "의사일정 제1항부터 제26항까지"
  },
  {
    "speech_id": 6461585935593822269,
    "meeting_id": 51194,
    "bills": "1. 종합부동산세법 일부개정법률안(배현진 의원 대표발의)(의안번호 2100083) \n2. 종합부동산세법 일부개정법률안(태영호 의원 대표발의)(의안번호 2100176) \n3. 종합부동산세법 일부개정법률안(태영호 의원 대표발의)(의안번호 2100605) \n4. 종합부동산세법 일부개정법률안(박성중 의원 대표발의)(의안번호 2100606) \n5. 종합부동산세법 일부개정법률안(유경준 의원 대표발의)(의안번호 2101166) \n6. 종합부동산세법 일부개정법률안(강병원 의원 대표발의)(의안번호 2101442) \n7. 종합부동산세법 일부개정법률안(김정호 의원 대표발의)(의안번호 2101548) \n8. 종합부동산세법 일부개정법률안(김진애 의원 대표발의)(의안번호 2101713) \n9. 종합부동산세법 일부개정법률안(박홍근 의원 대표발의)(의안번호 2101723)\n10. 종합부동산세법 일부개정법률안(윤희숙 의원 대표발의)(의안번호 2102022)\n11. 종합부동산세법 일부개정법률안(추경호 의원 대표발의)(의안번호 2102345)\n12. 종합부동산세법 일부개정법률안(박성중 의원 대표발의)(의안번호 2102356)\n13. 종합부동산세법 일부개정법률안(심상정 의원 대표발의)(의안번호 2104529)\n14. 종합부동산세법 일부개정법률안(정일영 의원 대표발의)(의안번호 2104580)\n15. 종합부동산세법 일부개정법률안(이용우 의원 대표발의)(의안번호 2106100)\n16. 종합부동산세법 일부개정법률안(태영호 의원 대표발의)(의안번호 2107199)\n17. 종합부동산세법 일부개정법률안(윤후덕 의원 대표발의)(의안번호 2107557)\n18. 종합부동산세법 일부개정법률안(박성중 의원 대표발의)(의안번호 2108318)\n19. 종합부동산세법 일부개정법률안(김은혜 의원 대표발의)(의안번호 2109426)\n20. 종합부동산세법 일부개정법률안(권영세 의원 대표발의)(의안번호 2109495)\n21. 종합부동산세법 일부개정법률안(김병욱 의원 대표발의)(의안번호 2109603)\n22. 종합부동산세법 일부개정법률안(이헌승 의원 대표발의)(의안번호 2109668)\n23. 종합부동산세법 일부개정법률안(추경호 의원 대표발의)(의안번호 2110074)\n24. 종합부동산세법 일부개정법률안(김수흥 의원 대표발의)(의안번호 2110080)\n25. 종합부동산세법 일부개정법률안(윤희숙 의원 대표발의)(의안번호 2110693)\n26. 종합부동산세법 일부개정법률안(유동수 의원 대표발의)(의안번호 2111379)",
    "member_id": "7408",
    "member_name": "소위원장 김영진",
    "speech_order": 4,
    "speech_text": "용혜인 위원님 발언해 주시기 바랍니다.",
    "tf_trigger": false,
    "delib_order": 1,
    "bill_review": [
      "1. 종합부동산세법 일부개정법률안(배현진 의원 대표발의)(의안번호 2100083)",
      "2. 종합부동산세법 일부개정법률안(태영호 의원 대표발의)(의안번호 2100176)",
      "3. 종합부동산세법 일부개정법률안(태영호 의원 대표발의)(의안번호 2100605)",
      "4. 종합부동산세법 일부개정법률안(박성중 의원 대표발의)(의안번호 2100606)",
      "5. 종합부동산세법 일부개정법률안(유경준 의원 대표발의)(의안번호 2101166)",
      "6. 종합부동산세법 일부개정법률안(강병원 의원 대표발의)(의안번호 2101442)",
      "7. 종합부동산세법 일부개정법률안(김정호 의원 대표발의)(의안번호 2101548)",
      "8. 종합부동산세법 일부개정법률안(김진애 의원 대표발의)(의안번호 2101713)",
      "9. 종합부동산세법 일부개정법률안(박홍근 의원 대표발의)(의안번호 2101723)",
      "10. 종합부동산세법 일부개정법률안(윤희숙 의원 대표발의)(의안번호 2102022)",
      "11. 종합부동산세법 일부개정법률안(추경호 의원 대표발의)(의안번호 2102345)",
      "12. 종합부동산세법 일부개정법률안(박성중 의원 대표발의)(의안번호 2102356)",
      "13. 종합부동산세법 일부개정법률안(심상정 의원 대표발의)(의안번호 2104529)",
      "14. 종합부동산세법 일부개정법률안(정일영 의원 대표발의)(의안번호 2104580)",
      "15. 종합부동산세법 일부개정법률안(이용우 의원 대표발의)(의안번호 2106100)",
      "16. 종합부동산세법 일부개정법률안(태영호 의원 대표발의)(의안번호 2107199)",
      "17. 종합부동산세법 일부개정법률안(윤후덕 의원 대표발의)(의안번호 2107557)",
      "18. 종합부동산세법 일부개정법률안(박성중 의원 대표발의)(의안번호 2108318)",
      "19. 종합부동산세법 일부개정법률안(김은혜 의원 대표발의)(의안번호 2109426)",
      "20. 종합부동산세법 일부개정법률안(권영세 의원 대표발의)(의안번호 2109495)",
      "21. 종합부동산세법 일부개정법률안(김병욱 의원 대표발의)(의안번호 2109603)",
      "22. 종합부동산세법 일부개정법률안(이헌승 의원 대표발의)(의안번호 2109668)",
      "23. 종합부동산세법 일부개정법률안(추경호 의원 대표발의)(의안번호 2110074)",
      "24. 종합부동산세법 일부개정법률안(김수흥 의원 대표발의)(의안번호 2110080)",
      "25. 종합부동산세법 일부개정법률안(윤희숙 의원 대표발의)(의안번호 2110693)",
      "26. 종합부동산세법 일부개정법률안(유동수 의원 대표발의)(의안번호 2111379)"
    ],
    "agenda_items": [
      1,
      2,
      3,
      4,
      5,
      6,
      7,
      8,
      9,
      10,
      11,
      12,
      13,
      14,
      15,
      16,
      17,
      18,
      19,
      20,
      21,
      22,
      23,
      24,
      25,
      26
    ],
    "agenda_range_str": "의사일정 제1항부터 제26항까지"
  },
  {
    "speech_id": 6639126191978785802,
    "meeting_id": 51194,
    "bills": "1. 종합부동산세법 일부개정법률안(배현진 의원 대표발의)(의안번호 2100083) \n2. 종합부동산세법 일부개정법률안(태영호 의원 대표발의)(의안번호 2100176) \n3. 종합부동산세법 일부개정법률안(태영호 의원 대표발의)(의안번호 2100605) \n4. 종합부동산세법 일부개정법률안(박성중 의원 대표발의)(의안번호 2100606) \n5. 종합부동산세법 일부개정법률안(유경준 의원 대표발의)(의안번호 2101166) \n6. 종합부동산세법 일부개정법률안(강병원 의원 대표발의)(의안번호 2101442) \n7. 종합부동산세법 일부개정법률안(김정호 의원 대표발의)(의안번호 2101548) \n8. 종합부동산세법 일부개정법률안(김진애 의원 대표발의)(의안번호 2101713) \n9. 종합부동산세법 일부개정법률안(박홍근 의원 대표발의)(의안번호 2101723)\n10. 종합부동산세법 일부개정법률안(윤희숙 의원 대표발의)(의안번호 2102022)\n11. 종합부동산세법 일부개정법률안(추경호 의원 대표발의)(의안번호 2102345)\n12. 종합부동산세법 일부개정법률안(박성중 의원 대표발의)(의안번호 2102356)\n13. 종합부동산세법 일부개정법률안(심상정 의원 대표발의)(의안번호 2104529)\n14. 종합부동산세법 일부개정법률안(정일영 의원 대표발의)(의안번호 2104580)\n15. 종합부동산세법 일부개정법률안(이용우 의원 대표발의)(의안번호 2106100)\n16. 종합부동산세법 일부개정법률안(태영호 의원 대표발의)(의안번호 2107199)\n17. 종합부동산세법 일부개정법률안(윤후덕 의원 대표발의)(의안번호 2107557)\n18. 종합부동산세법 일부개정법률안(박성중 의원 대표발의)(의안번호 2108318)\n19. 종합부동산세법 일부개정법률안(김은혜 의원 대표발의)(의안번호 2109426)\n20. 종합부동산세법 일부개정법률안(권영세 의원 대표발의)(의안번호 2109495)\n21. 종합부동산세법 일부개정법률안(김병욱 의원 대표발의)(의안번호 2109603)\n22. 종합부동산세법 일부개정법률안(이헌승 의원 대표발의)(의안번호 2109668)\n23. 종합부동산세법 일부개정법률안(추경호 의원 대표발의)(의안번호 2110074)\n24. 종합부동산세법 일부개정법률안(김수흥 의원 대표발의)(의안번호 2110080)\n25. 종합부동산세법 일부개정법률안(윤희숙 의원 대표발의)(의안번호 2110693)\n26. 종합부동산세법 일부개정법률안(유동수 의원 대표발의)(의안번호 2111379)",
    "member_id": "7512",
    "member_name": "용혜인 위원",
    "speech_order": 5,
    "speech_text": "지금 대안으로 추가공제액 5억으로 상향하는 안이 나온 것으로 제가 받아 봤는데요. 사실 작년 8월에 부동산 3법 통과시킨 지 이제 고작 1년 지났습니다. 그리고 개정된 종부세법안으로 고지서 한 번 보내 보지 못하고 또 이렇게 종부세법을 개정하게 되는 것에 대해서 굉장히 큰 문제의식을 갖고 있고요.  대선이 진행되면서 많은 후보들이 대통령후보로 출마하면서 부동산 문제를 해결할 적임자다라고 이야기하고 있습니다. 그러면서 토지 보유세, 토지공개념, 토지정의 같은 이야기를 하면서 동시에 국회에서는 이렇게 종부세를 완화하는 그리고 종부세를 무력화시키는 법안 개정을 추진하는 것에 대해서 매우 강력하게 유감을 표명합니다.  저는 이렇게 종부세 완화하면 결국에는 버티면 이긴다라는 시그널을 줄 뿐이라고 생각하고요, 앞으로 그 어떤 부동산정책도 제대로 작동하지 못할 거라고 생각합니다.  그리고 이렇게 현행 1주택자 추가공제액을 인상하면, 저번에 정부에서는 다주택자 같은 경우는 공제액을 상향할 계획이 없다라고 이야기하기는 했지만 당연히 다주택 보유 납세자들의 기본공제액도 이에 비례해서 상향시켜야 한다는 요구가 등장할 수밖에 없다고 저는 생각합니다. 저희 조세소위 심사 과정에서도 분명하게 나왔던 이야기고요. 고작 1년 된 초선의원인 저도 예측 가능한 이 종부세법 개정의 효과를 저는 다른 위원님들께서 모르실 거라고 생각하지 않습니다. 눈 가리고 아웅에 불과하다고 생각하고요.   이렇게 종합부동산세 자체를 무력화시키고 부동산 가격을 잡겠다라는 것을 스스로 포기하는 이번 개정안, 그리고 여야 합의로 진행되는 것에 대해서 굉장히 큰 유감을 표명하고, 또 이렇게 투기세력의 조세저항에 굴복하게 된 오늘의 조세소위 의결 결과에 대해서 굉장히 문제의식을 가지고 있습니다.  결과적으로 이번 종부세법 개정안에 대해서 반대 의견을 표시하고 또 반대 표결을 하겠다는 말씀을 드립니다.",
    "tf_trigger": false,
    "delib_order": 1,
    "bill_review": [
      "1. 종합부동산세법 일부개정법률안(배현진 의원 대표발의)(의안번호 2100083)",
      "2. 종합부동산세법 일부개정법률안(태영호 의원 대표발의)(의안번호 2100176)",
      "3. 종합부동산세법 일부개정법률안(태영호 의원 대표발의)(의안번호 2100605)",
      "4. 종합부동산세법 일부개정법률안(박성중 의원 대표발의)(의안번호 2100606)",
      "5. 종합부동산세법 일부개정법률안(유경준 의원 대표발의)(의안번호 2101166)",
      "6. 종합부동산세법 일부개정법률안(강병원 의원 대표발의)(의안번호 2101442)",
      "7. 종합부동산세법 일부개정법률안(김정호 의원 대표발의)(의안번호 2101548)",
      "8. 종합부동산세법 일부개정법률안(김진애 의원 대표발의)(의안번호 2101713)",
      "9. 종합부동산세법 일부개정법률안(박홍근 의원 대표발의)(의안번호 2101723)",
      "10. 종합부동산세법 일부개정법률안(윤희숙 의원 대표발의)(의안번호 2102022)",
      "11. 종합부동산세법 일부개정법률안(추경호 의원 대표발의)(의안번호 2102345)",
      "12. 종합부동산세법 일부개정법률안(박성중 의원 대표발의)(의안번호 2102356)",
      "13. 종합부동산세법 일부개정법률안(심상정 의원 대표발의)(의안번호 2104529)",
      "14. 종합부동산세법 일부개정법률안(정일영 의원 대표발의)(의안번호 2104580)",
      "15. 종합부동산세법 일부개정법률안(이용우 의원 대표발의)(의안번호 2106100)",
      "16. 종합부동산세법 일부개정법률안(태영호 의원 대표발의)(의안번호 2107199)",
      "17. 종합부동산세법 일부개정법률안(윤후덕 의원 대표발의)(의안번호 2107557)",
      "18. 종합부동산세법 일부개정법률안(박성중 의원 대표발의)(의안번호 2108318)",
      "19. 종합부동산세법 일부개정법률안(김은혜 의원 대표발의)(의안번호 2109426)",
      "20. 종합부동산세법 일부개정법률안(권영세 의원 대표발의)(의안번호 2109495)",
      "21. 종합부동산세법 일부개정법률안(김병욱 의원 대표발의)(의안번호 2109603)",
      "22. 종합부동산세법 일부개정법률안(이헌승 의원 대표발의)(의안번호 2109668)",
      "23. 종합부동산세법 일부개정법률안(추경호 의원 대표발의)(의안번호 2110074)",
      "24. 종합부동산세법 일부개정법률안(김수흥 의원 대표발의)(의안번호 2110080)",
      "25. 종합부동산세법 일부개정법률안(윤희숙 의원 대표발의)(의안번호 2110693)",
      "26. 종합부동산세법 일부개정법률안(유동수 의원 대표발의)(의안번호 2111379)"
    ],
    "agenda_items": [
      1,
      2,
      3,
      4,
      5,
      6,
      7,
      8,
      9,
      10,
      11,
      12,
      13,
      14,
      15,
      16,
      17,
      18,
      19,
      20,
      21,
      22,
      23,
      24,
      25,
      26
    ],
    "agenda_range_str": "의사일정 제1항부터 제26항까지"
  },
  {
    "speech_id": 9209743446372207292,
    "meeting_id": 51194,
    "bills": "1. 종합부동산세법 일부개정법률안(배현진 의원 대표발의)(의안번호 2100083) \n2. 종합부동산세법 일부개정법률안(태영호 의원 대표발의)(의안번호 2100176) \n3. 종합부동산세법 일부개정법률안(태영호 의원 대표발의)(의안번호 2100605) \n4. 종합부동산세법 일부개정법률안(박성중 의원 대표발의)(의안번호 2100606) \n5. 종합부동산세법 일부개정법률안(유경준 의원 대표발의)(의안번호 2101166) \n6. 종합부동산세법 일부개정법률안(강병원 의원 대표발의)(의안번호 2101442) \n7. 종합부동산세법 일부개정법률안(김정호 의원 대표발의)(의안번호 2101548) \n8. 종합부동산세법 일부개정법률안(김진애 의원 대표발의)(의안번호 2101713) \n9. 종합부동산세법 일부개정법률안(박홍근 의원 대표발의)(의안번호 2101723)\n10. 종합부동산세법 일부개정법률안(윤희숙 의원 대표발의)(의안번호 2102022)\n11. 종합부동산세법 일부개정법률안(추경호 의원 대표발의)(의안번호 2102345)\n12. 종합부동산세법 일부개정법률안(박성중 의원 대표발의)(의안번호 2102356)\n13. 종합부동산세법 일부개정법률안(심상정 의원 대표발의)(의안번호 2104529)\n14. 종합부동산세법 일부개정법률안(정일영 의원 대표발의)(의안번호 2104580)\n15. 종합부동산세법 일부개정법률안(이용우 의원 대표발의)(의안번호 2106100)\n16. 종합부동산세법 일부개정법률안(태영호 의원 대표발의)(의안번호 2107199)\n17. 종합부동산세법 일부개정법률안(윤후덕 의원 대표발의)(의안번호 2107557)\n18. 종합부동산세법 일부개정법률안(박성중 의원 대표발의)(의안번호 2108318)\n19. 종합부동산세법 일부개정법률안(김은혜 의원 대표발의)(의안번호 2109426)\n20. 종합부동산세법 일부개정법률안(권영세 의원 대표발의)(의안번호 2109495)\n21. 종합부동산세법 일부개정법률안(김병욱 의원 대표발의)(의안번호 2109603)\n22. 종합부동산세법 일부개정법률안(이헌승 의원 대표발의)(의안번호 2109668)\n23. 종합부동산세법 일부개정법률안(추경호 의원 대표발의)(의안번호 2110074)\n24. 종합부동산세법 일부개정법률안(김수흥 의원 대표발의)(의안번호 2110080)\n25. 종합부동산세법 일부개정법률안(윤희숙 의원 대표발의)(의안번호 2110693)\n26. 종합부동산세법 일부개정법률안(유동수 의원 대표발의)(의안번호 2111379)",
    "member_id": "7408",
    "member_name": "소위원장 김영진",
    "speech_order": 6,
    "speech_text": "더 말씀하실 위원님 안 계십니까?  이 사안에 대해서는 충분히 토론을 한 것 같고요. 이제 결론을 내려야 될 것 같습니다.  여당 2% 안에 관해서도 그 취지와 내용을 충분히 감안하고 또 야당의 여기 계신 윤희숙 의원님 안, 유경준 의원님 안의 12억 안에 대해서도 충분히 논의를 하면서 국민들의 과세에 대한 여러 가지 어려움들과 부담들을 완화해 나가면서 부동산시장의 안정화를 꾀하고자 하는 이 법 관련한 부분들에 관해서 이제 결론을 내려야 될 것 같습니다.  그러면 안건을 의결하도록 하겠습니다.  의사일정 제1항부터 제26항까지 이상 26건의 종합부동산세법 일부개정법률안은 지금 용혜인 위원님께서 말씀하신 한 분의 반대 의견을 첨부하여 각각 본회의에 부의하지 아니하고 이를 통합 조정한 위원회 대안으로 제안하고자 합니다.  대안의 제안 내용은 주택분 종합부동산세 과세표준 산정 시 1세대 1주택자의 추가공제액을 현액 3억 원에서 5억 원으로 인상하여 1세대 1주택자의 세부담을 경감하고자 함입니다.  조항은 8조 제1항의 개정안으로 제출되고 이에 대해서 제안하고자 하는데 이의 없으십니까?    (「없습니다」 하는 위원 있음)  이의가 없으면 가결되었음을 선포합니다.  오늘 회의는 이상으로 마치겠습니다.  오늘 의결한 법안의 체계․자구 정리 등에 관한 사항은 소위원장에게 위임하여 주시기 바랍니다.  위원님 여러분 수고하셨습니다.   그리고 이억원 제1차관을 비롯한 정부 관계자와 전문위원을 비롯한 위원회 직원 및 국회 보좌진 여러분도 수고 많으셨습니다.  산회를 선포합니다.",
    "tf_trigger": false,
    "delib_order": 1,
    "bill_review": [
      "1. 종합부동산세법 일부개정법률안(배현진 의원 대표발의)(의안번호 2100083)",
      "2. 종합부동산세법 일부개정법률안(태영호 의원 대표발의)(의안번호 2100176)",
      "3. 종합부동산세법 일부개정법률안(태영호 의원 대표발의)(의안번호 2100605)",
      "4. 종합부동산세법 일부개정법률안(박성중 의원 대표발의)(의안번호 2100606)",
      "5. 종합부동산세법 일부개정법률안(유경준 의원 대표발의)(의안번호 2101166)",
      "6. 종합부동산세법 일부개정법률안(강병원 의원 대표발의)(의안번호 2101442)",
      "7. 종합부동산세법 일부개정법률안(김정호 의원 대표발의)(의안번호 2101548)",
      "8. 종합부동산세법 일부개정법률안(김진애 의원 대표발의)(의안번호 2101713)",
      "9. 종합부동산세법 일부개정법률안(박홍근 의원 대표발의)(의안번호 2101723)",
      "10. 종합부동산세법 일부개정법률안(윤희숙 의원 대표발의)(의안번호 2102022)",
      "11. 종합부동산세법 일부개정법률안(추경호 의원 대표발의)(의안번호 2102345)",
      "12. 종합부동산세법 일부개정법률안(박성중 의원 대표발의)(의안번호 2102356)",
      "13. 종합부동산세법 일부개정법률안(심상정 의원 대표발의)(의안번호 2104529)",
      "14. 종합부동산세법 일부개정법률안(정일영 의원 대표발의)(의안번호 2104580)",
      "15. 종합부동산세법 일부개정법률안(이용우 의원 대표발의)(의안번호 2106100)",
      "16. 종합부동산세법 일부개정법률안(태영호 의원 대표발의)(의안번호 2107199)",
      "17. 종합부동산세법 일부개정법률안(윤후덕 의원 대표발의)(의안번호 2107557)",
      "18. 종합부동산세법 일부개정법률안(박성중 의원 대표발의)(의안번호 2108318)",
      "19. 종합부동산세법 일부개정법률안(김은혜 의원 대표발의)(의안번호 2109426)",
      "20. 종합부동산세법 일부개정법률안(권영세 의원 대표발의)(의안번호 2109495)",
      "21. 종합부동산세법 일부개정법률안(김병욱 의원 대표발의)(의안번호 2109603)",
      "22. 종합부동산세법 일부개정법률안(이헌승 의원 대표발의)(의안번호 2109668)",
      "23. 종합부동산세법 일부개정법률안(추경호 의원 대표발의)(의안번호 2110074)",
      "24. 종합부동산세법 일부개정법률안(김수흥 의원 대표발의)(의안번호 2110080)",
      "25. 종합부동산세법 일부개정법률안(윤희숙 의원 대표발의)(의안번호 2110693)",
      "26. 종합부동산세법 일부개정법률안(유동수 의원 대표발의)(의안번호 2111379)"
    ],
    "agenda_items": [
      1,
      2,
      3,
      4,
      5,
      6,
      7,
      8,
      9,
      10,
      11,
      12,
      13,
      14,
      15,
      16,
      17,
      18,
      19,
      20,
      21,
      22,
      23,
      24,
      25,
      26
    ],
    "agenda_range_str": "의사일정 제1항부터 제26항까지"
  }
]