[
  {
    "speech_id": 1632645226333258331,
    "meeting_id": 51126,
    "bills": "개의",
    "member_id": "7451",
    "member_name": "소위원장 박성민",
    "speech_order": 1,
    "speech_text": "의석을 정돈해 주시기 바랍니다. 성원이 되었으므로 제389회 국회(임시회) 국토교통위원회 제1차 예산결산기금심사소위원회를 개회합니다. 바쁘신 중에도 참석해 주신 위원님들과 차관님을 비롯한 관계 공무원 여러분들께 감사의 말씀을 드립니다. 오늘 회의에서는 주택도시기금운용계획변경안을 상정하여 심사하도록 하겠습니다. 참고로 배석하고 계신 분이 답변을 하는 경우 원활한 회의 진행과 속기록 작성을 위하여 소속과 직위, 성명을 먼저 밝힌 후 답변하여 주시기 바랍니다. 심사 방식은 위원님들의 대체토론 내용과 수석전문위원의 검토보고를 요약하여 정리한 소위원회 심사자료에 대해서 수석전문위원으로부터 설명을 듣고 정부 측의 의견을 들은 다음에 위원님들의 토론을 거쳐서 결론을 내는 방식으로 진행하도록 하겠습니다.",
    "tf_trigger": false,
    "delib_order": null,
    "bill_review": [],
    "agenda_items": [],
    "agenda_range_str": null
  },
  {
    "speech_id": 1901964498990264432,
    "meeting_id": 51126,
    "bills": "1. 2021년도 주택도시기금운용계획변경안(의안번호 2111294)",
    "member_id": "7451",
    "member_name": "소위원장 박성민",
    "speech_order": 2,
    "speech_text": "의사일정 제1항 2021년도 주택도시기금운용계획변경안을 상정합니다. 수석전문위원께서는 주택도시기금운용계획변경안에 대해서 설명해 주시기 바랍니다.",
    "tf_trigger": true,
    "delib_order": 1,
    "bill_review": [
      "1. 2021년도 주택도시기금운용계획변경안(의안번호 2111294)"
    ],
    "agenda_items": [
      1
    ],
    "agenda_range_str": "의사일정 제1항"
  },
  {
    "speech_id": 2176566783145846835,
    "meeting_id": 51126,
    "bills": "1. 2021년도 주택도시기금운용계획변경안(의안번호 2111294)",
    "member_id": " ",
    "member_name": "수석전문위원 최시억",
    "speech_order": 3,
    "speech_text": "보고드리겠습니다. 배부해 드린 심사자료 1페이지를 봐 주시기 바랍니다. 소위 심사자료는 위원님들께서 말씀해 주신 부분 중에서 계수를 명시한 부분 같은 경우는 수입과 지출항목에 저희가 계수를 표시해서 정리를 했고요. 그다음에 예산집행이라든지 편성방향이라든지 이런 부분에 관해서 말씀이 있으셨던 부분은 3페이지 부대의견(안) 쪽에 정리를 해 드렸습니다. 먼저 1페이지 봐 주시기 바랍니다. 일반회계전입금 20억 6000만 원을 증액하자는 내용인데, 이것은 수입 부분입니다. 수입 부분인데 이 부분은 2페이지 전세임대경상보조사업 이 사업이 증액될 경우에 한해서 수입을 늘려야 되기 때문에 계상을 해야 될 필요성이 있는 사업입니다. 그렇기 때문에 1페이지에 있는 20억 6000만 원 증액에 관한 부분은 2페이지 전세임대경상보조 20억 6000만 원, 아까 위원님들께서 말씀하신 부대경비 증액 필요성에 관한 부분이 되겠습니다. 이 부분과 같이 결정을 해 주시면 될 것 같습니다. 그리고 그다음 소병훈 위원님께서 전세임대(융자)사업 부분에 있어서 최근에 전세가격이 오른 것을 반영해서 지원 한도를 현실화하기 위해서 2000억 원을 증액하자는 의견을 주셨습니다. 그래서 이 부분까지 함께 위원님들께서 논의를 해 주시면 될 것 같습니다.",
    "tf_trigger": false,
    "delib_order": 1,
    "bill_review": [
      "1. 2021년도 주택도시기금운용계획변경안(의안번호 2111294)"
    ],
    "agenda_items": [
      1
    ],
    "agenda_range_str": "의사일정 제1항"
  },
  {
    "speech_id": 145814556610022364,
    "meeting_id": 51126,
    "bills": "1. 2021년도 주택도시기금운용계획변경안(의안번호 2111294)",
    "member_id": "7451",
    "member_name": "소위원장 박성민",
    "speech_order": 4,
    "speech_text": "수고하셨습니다. 다음은 차관께서 정부 측 의견을 말씀해 주십시오.",
    "tf_trigger": false,
    "delib_order": 1,
    "bill_review": [
      "1. 2021년도 주택도시기금운용계획변경안(의안번호 2111294)"
    ],
    "agenda_items": [
      1
    ],
    "agenda_range_str": "의사일정 제1항"
  },
  {
    "speech_id": 3525905867336377866,
    "meeting_id": 51126,
    "bills": "1. 2021년도 주택도시기금운용계획변경안(의안번호 2111294)",
    "member_id": " ",
    "member_name": "국토교통부제1차관 윤성원",
    "speech_order": 5,
    "speech_text": "전세임대경상보조 20억 6000만 원을 늘리는 안에 대해서는 저희들은 수용합니다. 역시 전세임대 공급과 함께 도배비, 장판비 또 보험료 등도 저희들이 재정 보조를 하여야 되기 때문에 경상보조사업은 저희들은 수용하는 것이고요. 다음, 소병훈 위원님께서 최근에 전셋값이 많이 올랐기 때문에 지원 한도 현실화가 필요해서 2000억 원을 증액하자고 하시는데 저희들은 방향성에 대해서는 충분히 공감합니다마는 지원단가 조정 문제는 전세임대 외에 매입임대라든지 또한 신혼부부에 대한 여러 가지 임대사업 등 다른 여타 사업과 같이 단가를 조율하는 게 필요하기 때문에 청년전세임대에 대해서만 지금 2000억 원을 당장 올리기는 저희들이 어려운 상황입니다. 그런 의미에서 다음 3페이지의 부대의견(안)을 보시면 2번 문진석 위원님께서도 전셋값이 많이 올랐으니 지원 한도를 현실화하는 게 필요하다라고 말씀을 하셨고, 다음에 5번 문정복 위원님께서도 지원단가가 청년층의 주거실태를 반영하지 못하니 현실성 있게 반영을 해 다오 하는 두 분의 부대의견이 계시기 때문에 저희들은 이 부대의견에 따라서 청년전세임대 외에 다른 여러 가지 임대에 대한 지원단가를 어떤 식으로 올릴 수가 있는 것인지 이제 그런 측면을 재정당국하고 한번 협의를 해 봐야 됩니다. 그래서 위원님 방향성은 저도 100% 공감을 합니다마는 오늘 이 자리에서 바로 2000억 원을 올리기에는 한계가 있으니 이 두 분의 부대의견(안) 따라서 지금보다는 개선된 안을 만들 수 있도록 조금 여유를 주시면 저희들이 기재부하고 서로 한번 협의를 하도록 하겠습니다. 이상입니다.",
    "tf_trigger": false,
    "delib_order": 1,
    "bill_review": [
      "1. 2021년도 주택도시기금운용계획변경안(의안번호 2111294)"
    ],
    "agenda_items": [
      1
    ],
    "agenda_range_str": "의사일정 제1항"
  },
  {
    "speech_id": 3126209862553557839,
    "meeting_id": 51126,
    "bills": "1. 2021년도 주택도시기금운용계획변경안(의안번호 2111294)",
    "member_id": "7451",
    "member_name": "소위원장 박성민",
    "speech_order": 6,
    "speech_text": "수고하셨습니다. 의견이 있으신 위원님께서는 말씀해 주시기 바랍니다. 정동만 위원님.",
    "tf_trigger": false,
    "delib_order": 1,
    "bill_review": [
      "1. 2021년도 주택도시기금운용계획변경안(의안번호 2111294)"
    ],
    "agenda_items": [
      1
    ],
    "agenda_range_str": "의사일정 제1항"
  },
  {
    "speech_id": 3247217463572754277,
    "meeting_id": 51126,
    "bills": "1. 2021년도 주택도시기금운용계획변경안(의안번호 2111294)",
    "member_id": "7596",
    "member_name": "정동만 위원",
    "speech_order": 7,
    "speech_text": "아까 전체회의에서 좀 묻고 싶었는데 소위 위원이라고 차단을 당해서 지금 묻겠습니다. 기본적인 것부터 조금 물어보고 하겠습니다. 지금 국토부가 전세임대하는 유형이 고령자, 다자녀, 신혼부부, 청년인데 굳이 다른 유형의 주택공급은 충분하고 또 청년이 부족하다고 산출한 근거는 무엇입니까, 차관님? 간단간단하게, 아까도 나왔던 부분은 제가 생략하고 궁금한 부분을 지금 좀 묻겠습니다.",
    "tf_trigger": false,
    "delib_order": 1,
    "bill_review": [
      "1. 2021년도 주택도시기금운용계획변경안(의안번호 2111294)"
    ],
    "agenda_items": [
      1
    ],
    "agenda_range_str": "의사일정 제1항"
  },
  {
    "speech_id": 8379628903936522154,
    "meeting_id": 51126,
    "bills": "1. 2021년도 주택도시기금운용계획변경안(의안번호 2111294)",
    "member_id": " ",
    "member_name": "국토교통부제1차관 윤성원",
    "speech_order": 8,
    "speech_text": "이번 정부 추경의 목표가 코로나로 인한 영세상권들 지원하는 그것과 함께 고용과 민생안정이라는 파트가 별도로 있고요, 전체 추경 33조 원 가운데 고용과 민생안정으로 한 2.6조 원이 지금 반영이 되어 있습니다. 그래서 그 안에는 청년층을 위한 일자리 지원하는 것 그리고 또 주거안정 지원하는 게 있기 때문에 추경의 취지인 청년에 대한 지원에 맞추다 보니 이번에 청년 주거 위주로 해서 추경안에 반영이 된 겁니다.",
    "tf_trigger": false,
    "delib_order": 1,
    "bill_review": [
      "1. 2021년도 주택도시기금운용계획변경안(의안번호 2111294)"
    ],
    "agenda_items": [
      1
    ],
    "agenda_range_str": "의사일정 제1항"
  },
  {
    "speech_id": 5775436565691011730,
    "meeting_id": 51126,
    "bills": "1. 2021년도 주택도시기금운용계획변경안(의안번호 2111294)",
    "member_id": "7596",
    "member_name": "정동만 위원",
    "speech_order": 9,
    "speech_text": "지금 공급하고 있는 물량 중에 그러면 청년만 수요가 높은 겁니까?",
    "tf_trigger": false,
    "delib_order": 1,
    "bill_review": [
      "1. 2021년도 주택도시기금운용계획변경안(의안번호 2111294)"
    ],
    "agenda_items": [
      1
    ],
    "agenda_range_str": "의사일정 제1항"
  },
  {
    "speech_id": 2117205984232681221,
    "meeting_id": 51126,
    "bills": "1. 2021년도 주택도시기금운용계획변경안(의안번호 2111294)",
    "member_id": " ",
    "member_name": "국토교통부제1차관 윤성원",
    "speech_order": 10,
    "speech_text": "일단 지금까지 계약률을 봐도 청년에 대한 전세임대가 계약률이 78%에 달할 만큼 높고 또 최근 전세가격이 오르다 보니 저희들한테 수요가 많이 오는 게 청년층 전세임대여서 이번에는 청년에 맞추어서 추경을 하게 되었습니다.",
    "tf_trigger": false,
    "delib_order": 1,
    "bill_review": [
      "1. 2021년도 주택도시기금운용계획변경안(의안번호 2111294)"
    ],
    "agenda_items": [
      1
    ],
    "agenda_range_str": "의사일정 제1항"
  },
  {
    "speech_id": 1878097866818964646,
    "meeting_id": 51126,
    "bills": "1. 2021년도 주택도시기금운용계획변경안(의안번호 2111294)",
    "member_id": "7596",
    "member_name": "정동만 위원",
    "speech_order": 11,
    "speech_text": "차관님, 추경에 있어서 지원하고자 하는 수도권 3인 셰어형 전세임대주택 지원금 2억인데 이게 충분한 지원입니까?",
    "tf_trigger": false,
    "delib_order": 1,
    "bill_review": [
      "1. 2021년도 주택도시기금운용계획변경안(의안번호 2111294)"
    ],
    "agenda_items": [
      1
    ],
    "agenda_range_str": "의사일정 제1항"
  },
  {
    "speech_id": 5526694470251033788,
    "meeting_id": 51126,
    "bills": "1. 2021년도 주택도시기금운용계획변경안(의안번호 2111294)",
    "member_id": " ",
    "member_name": "국토교통부제1차관 윤성원",
    "speech_order": 12,
    "speech_text": "수도권은 2억 원이고 평균적으로 한 1억 5000만 원인데 청년층의 주거실태를 보면 1억 5000만 원 정도면 다세대, 다가구 아니면 빌라 그런 정도에서 저희들은 임차는 가능하다고 보는데 그런데 청년층의 주거 욕구가 워낙 다양하기 때문에 위원님 말씀대로 저희들 한번 단가를 어떤 식으로 올릴지 하는 것은 저희들 서로 한번 검토를 해 보겠습니다.",
    "tf_trigger": false,
    "delib_order": 1,
    "bill_review": [
      "1. 2021년도 주택도시기금운용계획변경안(의안번호 2111294)"
    ],
    "agenda_items": [
      1
    ],
    "agenda_range_str": "의사일정 제1항"
  },
  {
    "speech_id": 7425147314999330233,
    "meeting_id": 51126,
    "bills": "1. 2021년도 주택도시기금운용계획변경안(의안번호 2111294)",
    "member_id": "7596",
    "member_name": "정동만 위원",
    "speech_order": 13,
    "speech_text": "지원 한도하고 실제 전세가격 간 차이가 커질 수록 계약이 불투명하거나 비용이 증가할 우려가 있거든요. 그래서 정부가 시장상황을 제대로 파악하지 못하고 그저 청년 환심만 사기 위한 대책이라는 지적이 있습니다, 지금. 그 부분에 대해서 차관님 어떻게 생각하십니까?",
    "tf_trigger": false,
    "delib_order": 1,
    "bill_review": [
      "1. 2021년도 주택도시기금운용계획변경안(의안번호 2111294)"
    ],
    "agenda_items": [
      1
    ],
    "agenda_range_str": "의사일정 제1항"
  },
  {
    "speech_id": 4264284260022041583,
    "meeting_id": 51126,
    "bills": "1. 2021년도 주택도시기금운용계획변경안(의안번호 2111294)",
    "member_id": " ",
    "member_name": "국토교통부제1차관 윤성원",
    "speech_order": 14,
    "speech_text": "저희들이 정책을 통해서 환심을 사고 할 그런 생각은 전연 없고요. 다만 저희가 드리고 싶은 말씀은 지금 청년전세임대는 시세의 60% 정도로 저렴하게 임대를 하고 있기 때문에 19년부터 가면 갈수록 계약률이 늘어나고 있습니다. 그래서 그런 현실을 감안해서 이번에 추경에 증액을 하고자 하는 그런 것밖에는 없습니다, 위원님.",
    "tf_trigger": false,
    "delib_order": 1,
    "bill_review": [
      "1. 2021년도 주택도시기금운용계획변경안(의안번호 2111294)"
    ],
    "agenda_items": [
      1
    ],
    "agenda_range_str": "의사일정 제1항"
  },
  {
    "speech_id": 3321731674157691584,
    "meeting_id": 51126,
    "bills": "1. 2021년도 주택도시기금운용계획변경안(의안번호 2111294)",
    "member_id": "7596",
    "member_name": "정동만 위원",
    "speech_order": 15,
    "speech_text": "그런데 정부가 지금 임대사업자 규제를 강화하고 또 수도권에 아파트 입주물량이 감소하고 있지 않습니까, 그렇지요? 실거주 의무기간도 부여되고 있고 임대차3법 등 정부의 조치가 월세화를 자꾸 가속화시키고 주택가격을 계속 상승시키고 있거든요. 그 근본적인 원인을 수습하지 못하고 이렇게 찔끔찔끔 공급하는 게 청년주택을 활성화하는 데 도움이 되겠습니까?",
    "tf_trigger": false,
    "delib_order": 1,
    "bill_review": [
      "1. 2021년도 주택도시기금운용계획변경안(의안번호 2111294)"
    ],
    "agenda_items": [
      1
    ],
    "agenda_range_str": "의사일정 제1항"
  },
  {
    "speech_id": 7568555841210660883,
    "meeting_id": 51126,
    "bills": "1. 2021년도 주택도시기금운용계획변경안(의안번호 2111294)",
    "member_id": " ",
    "member_name": "국토교통부제1차관 윤성원",
    "speech_order": 16,
    "speech_text": "위원님, 월세가 늘어나는 것은 예를 들면 금리가 낮으면 집주인들은 전세에서 월세로 바꿀 수밖에 없습니다. 그래서 전세에서 월세 전환에는 금리 같은 영향도 감안을 해야 한다고 보고요. 지금 청년들을 위해서 저희들 금년도에 총 공급하는 물량이 한 5만 호가 됩니다. 그래서 전세임대 외에도 매입임대나 아니면 여러 가지 방향으로 하고 있는 상황이기 때문에, 그래서 가급적이면 청년들의 임대차 부담을 줄여 주는 게 저희들 주거복지정책의 목표이고 해서 그동안도 청년층들을 위해서 많이 해 가지고 왔습니다마는 이번에는 추경 원칙에 맞추어서 저희들이 총 5000호를 늘린다 하는 그런 측면으로 이해하시면 될 것 같습니다.",
    "tf_trigger": false,
    "delib_order": 1,
    "bill_review": [
      "1. 2021년도 주택도시기금운용계획변경안(의안번호 2111294)"
    ],
    "agenda_items": [
      1
    ],
    "agenda_range_str": "의사일정 제1항"
  },
  {
    "speech_id": 8335567989577460287,
    "meeting_id": 51126,
    "bills": "1. 2021년도 주택도시기금운용계획변경안(의안번호 2111294)",
    "member_id": "7596",
    "member_name": "정동만 위원",
    "speech_order": 17,
    "speech_text": "작년에 이 사업 집행실적률 보니까 집행률이 85.4%밖에 안 됐거든요. 6809억 원을 불용 처리했습니다. 기금계획변경에 국가재정부담 20% 그것은 정부에서 직접 하면 되지요?",
    "tf_trigger": false,
    "delib_order": 1,
    "bill_review": [
      "1. 2021년도 주택도시기금운용계획변경안(의안번호 2111294)"
    ],
    "agenda_items": [
      1
    ],
    "agenda_range_str": "의사일정 제1항"
  },
  {
    "speech_id": 8784979841985322041,
    "meeting_id": 51126,
    "bills": "1. 2021년도 주택도시기금운용계획변경안(의안번호 2111294)",
    "member_id": " ",
    "member_name": "국토교통부제1차관 윤성원",
    "speech_order": 18,
    "speech_text": "예, 맞습니다.",
    "tf_trigger": false,
    "delib_order": 1,
    "bill_review": [
      "1. 2021년도 주택도시기금운용계획변경안(의안번호 2111294)"
    ],
    "agenda_items": [
      1
    ],
    "agenda_range_str": "의사일정 제1항"
  },
  {
    "speech_id": 717977944503235383,
    "meeting_id": 51126,
    "bills": "1. 2021년도 주택도시기금운용계획변경안(의안번호 2111294)",
    "member_id": "7596",
    "member_name": "정동만 위원",
    "speech_order": 19,
    "speech_text": "이것을 왜 국회에서 지금 추경에 통과를 시킵니까?",
    "tf_trigger": false,
    "delib_order": 1,
    "bill_review": [
      "1. 2021년도 주택도시기금운용계획변경안(의안번호 2111294)"
    ],
    "agenda_items": [
      1
    ],
    "agenda_range_str": "의사일정 제1항"
  },
  {
    "speech_id": 4909342928593466384,
    "meeting_id": 51126,
    "bills": "1. 2021년도 주택도시기금운용계획변경안(의안번호 2111294)",
    "member_id": " ",
    "member_name": "국토교통부제1차관 윤성원",
    "speech_order": 20,
    "speech_text": "원래 기금사업의 경우에는 전체금액의 20% 범위 내이기 때문에 예를 들면 2.4조 범위 내에서는 저희들이 국회에 올 필요 없이 정부가 운용계획을 변경하면 되는데 저희들이 주거복지 지원을 위해서 금년 3월에 기금운용계획을 이미 한 번 변경을 했습니다. 그래서 그때 저희들이 2.3조 원을 추가적으로 지원하는 것으로 늘렸기 때문에 지금은 20% 범위 내에서 정부가 스스로 늘릴 수가 없습니다. 그래서 추가적인 사업을 더 하기 위해서는 이번 추경예산에 반영해서 국회에 올 수밖에는 없다 하는 그런 말씀을 제가 드립니다.",
    "tf_trigger": false,
    "delib_order": 1,
    "bill_review": [
      "1. 2021년도 주택도시기금운용계획변경안(의안번호 2111294)"
    ],
    "agenda_items": [
      1
    ],
    "agenda_range_str": "의사일정 제1항"
  },
  {
    "speech_id": 3721315548737747743,
    "meeting_id": 51126,
    "bills": "1. 2021년도 주택도시기금운용계획변경안(의안번호 2111294)",
    "member_id": "7596",
    "member_name": "정동만 위원",
    "speech_order": 21,
    "speech_text": "지금 전세임대사업의 집행률 현재 월말 기준으로 해서 36.6%밖에 됩니다, 그렇지요? 그것은 현황 파악하고 계시지요?",
    "tf_trigger": false,
    "delib_order": 1,
    "bill_review": [
      "1. 2021년도 주택도시기금운용계획변경안(의안번호 2111294)"
    ],
    "agenda_items": [
      1
    ],
    "agenda_range_str": "의사일정 제1항"
  },
  {
    "speech_id": 7625541716175635324,
    "meeting_id": 51126,
    "bills": "1. 2021년도 주택도시기금운용계획변경안(의안번호 2111294)",
    "member_id": " ",
    "member_name": "국토교통부제1차관 윤성원",
    "speech_order": 22,
    "speech_text": "예, 그런데 위원님 금년 6월까지 보면 저희들 유형이 여러 개가 있는데 고령층을 위한 일반 유형 같은 경우에는 금년 6월까지 달성률이 36%입니다. 그런데 청년층은 지금 55%고요 그다음에 신혼부부가 37%이고. 그래서 다른 유형에 비해서 청년들에 대한 달성률이 훨씬 더 높다는 말씀을 제가 드리는 거고. 작년 6800억 원 불용은 계약을 맺어 놓고 잔금을 저희들이 지급을 못 한 겁니다. 그래서 일반적인 예산 같으면 저희들이 이월 처리를 하면 되는데 기금에는 이월 그런 개념이 없습니다. 그래서 6800억 원 잔금은 저희들이 불용 처리하고 다시 금년도에 전액 다 지급을 했기 때문에 그것으로 보시면 수요가 있는 만큼 저희들은 다 지원을 했다라고 보시면 될 것 같습니다.",
    "tf_trigger": false,
    "delib_order": 1,
    "bill_review": [
      "1. 2021년도 주택도시기금운용계획변경안(의안번호 2111294)"
    ],
    "agenda_items": [
      1
    ],
    "agenda_range_str": "의사일정 제1항"
  },
  {
    "speech_id": 946026233557364859,
    "meeting_id": 51126,
    "bills": "1. 2021년도 주택도시기금운용계획변경안(의안번호 2111294)",
    "member_id": "7596",
    "member_name": "정동만 위원",
    "speech_order": 23,
    "speech_text": "이 예산이 만약에 또 부족할 시에는 자체 기금운용계획을 변경해서 사업을 추진할 수 있지 않습니까, 그렇지요?",
    "tf_trigger": false,
    "delib_order": 1,
    "bill_review": [
      "1. 2021년도 주택도시기금운용계획변경안(의안번호 2111294)"
    ],
    "agenda_items": [
      1
    ],
    "agenda_range_str": "의사일정 제1항"
  },
  {
    "speech_id": 7106373937870280189,
    "meeting_id": 51126,
    "bills": "1. 2021년도 주택도시기금운용계획변경안(의안번호 2111294)",
    "member_id": " ",
    "member_name": "국토교통부제1차관 윤성원",
    "speech_order": 24,
    "speech_text": "그런데 저희들이 3월 달에 이미 기금운용계획을 변경해서 다 썼기 때문에, 왜냐하면 저희들이 2월 4일 날 2․4 대책이 나오면서 여러 개 지원을 할 필요가 있었고 그래서 3월 달에 정부 자체로 계획을 변경해서 하는 것은 이미 물량은 다 끝났습니다. 그래서 앞으로 더 추가적인 사업이 필요하다 그러면 그때는 추경을 통해서 할 수밖에 없는 그런 상황입니다.",
    "tf_trigger": false,
    "delib_order": 1,
    "bill_review": [
      "1. 2021년도 주택도시기금운용계획변경안(의안번호 2111294)"
    ],
    "agenda_items": [
      1
    ],
    "agenda_range_str": "의사일정 제1항"
  },
  {
    "speech_id": 4181402251557657193,
    "meeting_id": 51126,
    "bills": "1. 2021년도 주택도시기금운용계획변경안(의안번호 2111294)",
    "member_id": "7596",
    "member_name": "정동만 위원",
    "speech_order": 25,
    "speech_text": "알겠습니다. 하여튼 이번 추경 국토부가 충분한 검토 없이 단순히 물량만 늘리는 추경으로 되면 안 되니까 정부가 다시 한번 적정성을 판단해 줄 것을 요청합니다.",
    "tf_trigger": false,
    "delib_order": 1,
    "bill_review": [
      "1. 2021년도 주택도시기금운용계획변경안(의안번호 2111294)"
    ],
    "agenda_items": [
      1
    ],
    "agenda_range_str": "의사일정 제1항"
  },
  {
    "speech_id": 1749964060383842062,
    "meeting_id": 51126,
    "bills": "1. 2021년도 주택도시기금운용계획변경안(의안번호 2111294)",
    "member_id": " ",
    "member_name": "국토교통부제1차관 윤성원",
    "speech_order": 26,
    "speech_text": "위원님, 알겠습니다. 그렇게 조치를 하겠습니다.",
    "tf_trigger": false,
    "delib_order": 1,
    "bill_review": [
      "1. 2021년도 주택도시기금운용계획변경안(의안번호 2111294)"
    ],
    "agenda_items": [
      1
    ],
    "agenda_range_str": "의사일정 제1항"
  },
  {
    "speech_id": 3180557530656771870,
    "meeting_id": 51126,
    "bills": "1. 2021년도 주택도시기금운용계획변경안(의안번호 2111294)",
    "member_id": "7451",
    "member_name": "소위원장 박성민",
    "speech_order": 27,
    "speech_text": "다음 소병훈 위원님.",
    "tf_trigger": false,
    "delib_order": 1,
    "bill_review": [
      "1. 2021년도 주택도시기금운용계획변경안(의안번호 2111294)"
    ],
    "agenda_items": [
      1
    ],
    "agenda_range_str": "의사일정 제1항"
  },
  {
    "speech_id": 768587540041293701,
    "meeting_id": 51126,
    "bills": "1. 2021년도 주택도시기금운용계획변경안(의안번호 2111294)",
    "member_id": "7483",
    "member_name": "소병훈 위원",
    "speech_order": 28,
    "speech_text": "그 방향성에는 공감한다니까 참 다행입니다. 그런데 이게 한두 해의 문제가 아니고 2014년부터 5년 동안 보니까 평균 50%가 조금 넘어요.",
    "tf_trigger": false,
    "delib_order": 1,
    "bill_review": [
      "1. 2021년도 주택도시기금운용계획변경안(의안번호 2111294)"
    ],
    "agenda_items": [
      1
    ],
    "agenda_range_str": "의사일정 제1항"
  },
  {
    "speech_id": 2485943566335857214,
    "meeting_id": 51126,
    "bills": "1. 2021년도 주택도시기금운용계획변경안(의안번호 2111294)",
    "member_id": " ",
    "member_name": "국토교통부제1차관 윤성원",
    "speech_order": 29,
    "speech_text": "예, 그렇습니다.",
    "tf_trigger": false,
    "delib_order": 1,
    "bill_review": [
      "1. 2021년도 주택도시기금운용계획변경안(의안번호 2111294)"
    ],
    "agenda_items": [
      1
    ],
    "agenda_range_str": "의사일정 제1항"
  },
  {
    "speech_id": 4868873846016818356,
    "meeting_id": 51126,
    "bills": "1. 2021년도 주택도시기금운용계획변경안(의안번호 2111294)",
    "member_id": "7483",
    "member_name": "소병훈 위원",
    "speech_order": 30,
    "speech_text": "그리고 왜 계약을 않는가? 그 돈으로 가능한 주택 찾기가 어렵다는 게 첫째 제일 많고, 30% 가까이 되고요. 그다음에 그 가격에 가능한 주택을 보니까 마음에 안 들고 그게 결정적인 것 같습니다. 그래서 이런 부분을 충분히 검토를 하셔야 되고. 그다음에 이게 청년만의 문제가 아니고. 아시잖아요? 다 똑같아요, 일반, 다자녀,신혼부부, 소년․소녀 가장까지 거의 비슷한 비율로 계약률이 낮기 때문에. 정말 일이 년 계약률이 낮으면 왜 낮을까 충분히 분석해 가지고 그다음부터 좀 높여야 되는데 사실은 이게 5년 내내 비슷하게 온다는 게, 국토부에서 좀 더 관심을 가지고 해야 되겠다 저는 이 생각을 합니다.",
    "tf_trigger": false,
    "delib_order": 1,
    "bill_review": [
      "1. 2021년도 주택도시기금운용계획변경안(의안번호 2111294)"
    ],
    "agenda_items": [
      1
    ],
    "agenda_range_str": "의사일정 제1항"
  },
  {
    "speech_id": 7667646131494825550,
    "meeting_id": 51126,
    "bills": "1. 2021년도 주택도시기금운용계획변경안(의안번호 2111294)",
    "member_id": " ",
    "member_name": "국토교통부제1차관 윤성원",
    "speech_order": 31,
    "speech_text": "예, 맞습니다. 위원님 말씀에 제가 전적으로 공감합니다. 그래서 저희들이 그동안 매년 기재부하고 협의를 해서 조금씩 늘려 왔는데 이게 근본적으로 보면 공공임대에 대한 정부의 지원 단가가 현실을 제대로 반영하는지 거기에 대한 근본적인 의문점이 있습니다. 그래서 매년 조금씩 늘리는 게 제가 봐도 여러 가지 문제가 있으니 지금 여러 위원님 말씀과 부대의견대로 전반적으로 지원 단가를 어떻게 조정할지 저희들이 이번에는 한번 좀 더 강도 높게 협의하는 게 필요하다고 봅니다.",
    "tf_trigger": false,
    "delib_order": 1,
    "bill_review": [
      "1. 2021년도 주택도시기금운용계획변경안(의안번호 2111294)"
    ],
    "agenda_items": [
      1
    ],
    "agenda_range_str": "의사일정 제1항"
  },
  {
    "speech_id": 5915385594231311988,
    "meeting_id": 51126,
    "bills": "1. 2021년도 주택도시기금운용계획변경안(의안번호 2111294)",
    "member_id": "7483",
    "member_name": "소병훈 위원",
    "speech_order": 32,
    "speech_text": "예, 마치겠습니다.",
    "tf_trigger": false,
    "delib_order": 1,
    "bill_review": [
      "1. 2021년도 주택도시기금운용계획변경안(의안번호 2111294)"
    ],
    "agenda_items": [
      1
    ],
    "agenda_range_str": "의사일정 제1항"
  },
  {
    "speech_id": 7707814828019817095,
    "meeting_id": 51126,
    "bills": "1. 2021년도 주택도시기금운용계획변경안(의안번호 2111294)",
    "member_id": "7451",
    "member_name": "소위원장 박성민",
    "speech_order": 33,
    "speech_text": "하영제 위원님.",
    "tf_trigger": false,
    "delib_order": 1,
    "bill_review": [
      "1. 2021년도 주택도시기금운용계획변경안(의안번호 2111294)"
    ],
    "agenda_items": [
      1
    ],
    "agenda_range_str": "의사일정 제1항"
  },
  {
    "speech_id": 475112229945438465,
    "meeting_id": 51126,
    "bills": "1. 2021년도 주택도시기금운용계획변경안(의안번호 2111294)",
    "member_id": "7636",
    "member_name": "하영제 위원",
    "speech_order": 34,
    "speech_text": "차관님, 오전에 장관께서 답변을 하시기는 하셨는데, 모럴 해저드 관계요. 모럴 해저드는 아까 유튜브에서 보셨듯이 저렇게 부추기는 세력도 있고. 또 아까 앞 시간에 잠깐 이야기 됐습니다. 대체토론 때 예를 들었듯이 작년 12월 달에 3개 이상 금융회사에서 대출 받은 2030 다중채무자 대출 잔액이 2020년 말 현재 130조 원으로 1년 전보다 16.1% 급증했다는 통계가 있단 말이지요. 또 부실 가능성이 상대적으로 높은 20대 카드론 대출 잔액은 8조 원 수준으로 이것도 작년 말 대비 16.6% 증가했다. 청년들의 절박한 심정 우리가 왜 모르겠습니까? 알고도 남음이 있는데 까딱하면 청년끼리 국가 예산을 갖다가 부적정하게 빼돌려서 하는 이런 것을 막기 위해서 우리가 여기서 온갖 이야기를 다 했고 심지어 부동산 감시기구 만든다는 이야기도 많이 했었는데 좀 다소 구체적으로 말입니다 차관께서 이것을 어떤 식으로 소위 말하는 청년층의 모럴 해저드를 해결할 수 있나 생각해 보신 적 있어요?",
    "tf_trigger": false,
    "delib_order": 1,
    "bill_review": [
      "1. 2021년도 주택도시기금운용계획변경안(의안번호 2111294)"
    ],
    "agenda_items": [
      1
    ],
    "agenda_range_str": "의사일정 제1항"
  },
  {
    "speech_id": 1774304595602346268,
    "meeting_id": 51126,
    "bills": "1. 2021년도 주택도시기금운용계획변경안(의안번호 2111294)",
    "member_id": " ",
    "member_name": "국토교통부제1차관 윤성원",
    "speech_order": 35,
    "speech_text": "위원님, 다른 계층보다 청년층의 가계부채 부담이 늘어나면 국가경제로 봐도 제가 볼 때는 큰 문제가 있을 것 같고요. 저희들이 기금 대출을 할 때는 그 대출 받는 사람의 소득과 자산 요건을 엄격하게 검증을 해서 그다음에 대출 자격이 되면 그때 지원을 하는데 지금 위원님 말씀의 취지는 그 돈을 받을 때 자기가 여유가 있음에도 불구하고 그냥 받는 거고 나머지 돈으로는 다른 용도로 투자를 하든지 그런 모럴 해저드가 많다고 말씀하셨고. 그런데 저희들이 소득과 자산은 꼼꼼히 봅니다마는 대출을 받은 다음에 그다음의 행태에 대해서는 저희들이 다가갈 길이 없습니다. 그래서 그런 어려운 점이 있습니다마는 위원님 질문을 계기로 해서 대출을 받은 다음에 그것을 어떻게 검증을 할 수가 있는 건지 그런 방안은 저희들이 별도로 한번 검토를 해 보겠습니다.",
    "tf_trigger": false,
    "delib_order": 1,
    "bill_review": [
      "1. 2021년도 주택도시기금운용계획변경안(의안번호 2111294)"
    ],
    "agenda_items": [
      1
    ],
    "agenda_range_str": "의사일정 제1항"
  },
  {
    "speech_id": 7118903977272256274,
    "meeting_id": 51126,
    "bills": "1. 2021년도 주택도시기금운용계획변경안(의안번호 2111294)",
    "member_id": "7636",
    "member_name": "하영제 위원",
    "speech_order": 36,
    "speech_text": "이게 경계선에 있다고 보는데요. 사실 대출 받은 뒤로 아니한 말로 따라다니면서 추적할 수도 없는 거고 또 그런다 하더라도 그것은 나중에 금융기관과의 책임 문제로 들어가면 되는 것이지 정부 공공기관이 들어서 가지고 그것을, 까딱하면 개인의 사생활 침해 문제도 발생할 수 있습니다. 있는데, 걱정스러운 것은 아까 이야기대로 작년 말 현재 2030 대출 잔액이 1년 전보다 16.1%가 급증해 있는 상태란 말이지요. 그러면 잔액이 이렇게 많은데 또 카드론까지 들어가서 대출 잔액도 8조 원 수준으로 작년 말 대비 16.6% 증가했다 이것을 우리 기성세대가 알면서 무슨 방법으로…… 그냥 두면 혹시 2030 청년세대끼리 눈에 보이지 않는 어떤 감정의 여러 가지 잔재 또는 감정싸움 이런 것이 발생하면 어떻게 하나 하는 그런 걱정이 사실 없지 않습니다. 다들 집에 자식들 있는 판인데. 이것은 물론 추경에 대해서 우리끼리 심층 검토를 하기 때문에 근본 방침은 충분히 다 공감한다 이야기했잖아요. 그런데 방법론 문제로 들어가서 좀 더 방법을 강구할 수 있으면 한번 해 보자고요. 이것은 여야를 떠난 이야기예요.",
    "tf_trigger": false,
    "delib_order": 1,
    "bill_review": [
      "1. 2021년도 주택도시기금운용계획변경안(의안번호 2111294)"
    ],
    "agenda_items": [
      1
    ],
    "agenda_range_str": "의사일정 제1항"
  },
  {
    "speech_id": 9066023973416999048,
    "meeting_id": 51126,
    "bills": "1. 2021년도 주택도시기금운용계획변경안(의안번호 2111294)",
    "member_id": " ",
    "member_name": "국토교통부제1차관 윤성원",
    "speech_order": 37,
    "speech_text": "예, 알겠습니다.",
    "tf_trigger": false,
    "delib_order": 1,
    "bill_review": [
      "1. 2021년도 주택도시기금운용계획변경안(의안번호 2111294)"
    ],
    "agenda_items": [
      1
    ],
    "agenda_range_str": "의사일정 제1항"
  },
  {
    "speech_id": 8579518068808135019,
    "meeting_id": 51126,
    "bills": "1. 2021년도 주택도시기금운용계획변경안(의안번호 2111294)",
    "member_id": "7451",
    "member_name": "소위원장 박성민",
    "speech_order": 38,
    "speech_text": "다음은 신동근 위원님.",
    "tf_trigger": false,
    "delib_order": 1,
    "bill_review": [
      "1. 2021년도 주택도시기금운용계획변경안(의안번호 2111294)"
    ],
    "agenda_items": [
      1
    ],
    "agenda_range_str": "의사일정 제1항"
  },
  {
    "speech_id": 7709054015158738289,
    "meeting_id": 51126,
    "bills": "1. 2021년도 주택도시기금운용계획변경안(의안번호 2111294)",
    "member_id": "7491",
    "member_name": "신동근 위원",
    "speech_order": 39,
    "speech_text": "신동근 위원입니다. 여기 예결위가 아니니까 추경 전체의 목적이나 또 추경 관련된 부분에 대해서 얘기하기는 그렇습니다마는 저는 추경을 할 때마다 좀 문제가, 원래 추경의 목적이 말하자면 코로나 피해로 인한 소상공인에게 직접 손실보상에 가까운 보상을 해 준다든지, 아니면 일정 부분은 경기진작 부분도 있겠습니다만. 그런데 보면 이번에도 33조라고 하면 국민들이 대단한 액수를 지원하는 것 같은데 실질적으로 소상공인 손실보상이 얼마인지 압니까?",
    "tf_trigger": false,
    "delib_order": 1,
    "bill_review": [
      "1. 2021년도 주택도시기금운용계획변경안(의안번호 2111294)"
    ],
    "agenda_items": [
      1
    ],
    "agenda_range_str": "의사일정 제1항"
  },
  {
    "speech_id": 3891982353101652175,
    "meeting_id": 51126,
    "bills": "1. 2021년도 주택도시기금운용계획변경안(의안번호 2111294)",
    "member_id": " ",
    "member_name": "국토교통부제1차관 윤성원",
    "speech_order": 40,
    "speech_text": "추경계획안으로는 코로나19 피해 지원이 13.4조 원으로 저희들은 알고 있습니다.",
    "tf_trigger": false,
    "delib_order": 1,
    "bill_review": [
      "1. 2021년도 주택도시기금운용계획변경안(의안번호 2111294)"
    ],
    "agenda_items": [
      1
    ],
    "agenda_range_str": "의사일정 제1항"
  },
  {
    "speech_id": 4407374989025279903,
    "meeting_id": 51126,
    "bills": "1. 2021년도 주택도시기금운용계획변경안(의안번호 2111294)",
    "member_id": "7491",
    "member_name": "신동근 위원",
    "speech_order": 41,
    "speech_text": "아니, 그러니까 이것저것 다 합쳐서 그런 거고. 전 국민 희망 지원 해 가지고 80% 준다, 100% 준다 말이 많습니다만 실질적으로 소상공인에게 손실보상 관련해서 지원하는 것은 3.9조 정도예요, 그다음에 희망 지원하는 게 3.3조. 그러니까 사실은 저는 한 반 정도는, 그분들 다 영업 못 하게 하고 이런 결과로서 우리가 지금 방역을 하고 있는 상황에서 지원해야 되는데, 그러니까 이게 결과적으로 어떤 일이 생기냐 하면 그것은 쥐꼬리만큼 주고 배보다 배꼽이 더 큰 거예요. 이번 기회에 추경 만드니까 거기다가 부처 예산들 다 끼워 넣기 하는 것 아니냐, 나는 그런 생각이 있다라는 거고. 그런 측면에서 저는 근본적으로 이게 꼭 필요한 예산인지 잘 모르겠어요, 저 여당이지만. 어떻게 생각합니까?",
    "tf_trigger": false,
    "delib_order": 1,
    "bill_review": [
      "1. 2021년도 주택도시기금운용계획변경안(의안번호 2111294)"
    ],
    "agenda_items": [
      1
    ],
    "agenda_range_str": "의사일정 제1항"
  },
  {
    "speech_id": 1488637884360288649,
    "meeting_id": 51126,
    "bills": "1. 2021년도 주택도시기금운용계획변경안(의안번호 2111294)",
    "member_id": " ",
    "member_name": "국토교통부제1차관 윤성원",
    "speech_order": 42,
    "speech_text": "지금 위원님 말씀 중에 소상공인 지원하는 거는 지역경제 활성화에서 12.6조 원이 별도로 배정이 돼 있다고 제가 들었습니다. 그래서 지역상권과 그다음에 농어가 지원하는 게 있기 때문에 그것은 아마 이런 쪽으로 보충이 좀 되는 것 같고요. 그리고 지금 전세․월세 가격이 오르면서 특히나 취약한 계층이 청년층입니다. 그래서 정부 재정 여건이 허락하는 하에서는 수요가 있다면 저희들은 청년층에 대한 임대 지원은 늘리는 게 맞고요. 그래서 그런 의미에서 저희들은 이번에 순증으로 해서 2000호, 또 다른 물량을 돌려서 3000호 해서 총 5000호로 물량을 늘렸고. 그래서 이 정도 물량에다가 현재 갖고 있는 물량을 합쳐서 한 1만 5000호 정도가 되면 금년 내에 저희들이 다 집행 달성 가능하기 때문에, 그래서 이행 가능성과 재정 여력을 감안해서 저희들이 이번에는 적정 수준으로 반영을 했다라고 제가 말씀을 드립니다.",
    "tf_trigger": false,
    "delib_order": 1,
    "bill_review": [
      "1. 2021년도 주택도시기금운용계획변경안(의안번호 2111294)"
    ],
    "agenda_items": [
      1
    ],
    "agenda_range_str": "의사일정 제1항"
  },
  {
    "speech_id": 4269942048940878460,
    "meeting_id": 51126,
    "bills": "1. 2021년도 주택도시기금운용계획변경안(의안번호 2111294)",
    "member_id": "7491",
    "member_name": "신동근 위원",
    "speech_order": 43,
    "speech_text": "차관님, 그 얘기 좀 잘못한 것 같은데 코로나 상생 국민지원금에 10.4조가 들어가요. 그러니까 그런 것까지 다 포함해서 말하자면 소상공인 지원이라고 얘기하는 거지 실질적인 소상공인 지원은 보면 3.9조 원이에요. 그것은 잘못 얘기한 것 같고. 어쨌든 그렇다 치고, 그것은 예결위에서 할 문제지 여기서 할 문제는 아닌 것 같아서요. 그런데 물론 청년 주거환경이 굉장히 열악하다는 것은 사실인 것 같아요. 반지하라든지 옥탑방 사는 비율이 일반 국민보다는 실질적으로 높지요, 그렇지요?",
    "tf_trigger": false,
    "delib_order": 1,
    "bill_review": [
      "1. 2021년도 주택도시기금운용계획변경안(의안번호 2111294)"
    ],
    "agenda_items": [
      1
    ],
    "agenda_range_str": "의사일정 제1항"
  },
  {
    "speech_id": 5173336973997399825,
    "meeting_id": 51126,
    "bills": "1. 2021년도 주택도시기금운용계획변경안(의안번호 2111294)",
    "member_id": " ",
    "member_name": "국토교통부제1차관 윤성원",
    "speech_order": 44,
    "speech_text": "예, 더 높습니다.",
    "tf_trigger": false,
    "delib_order": 1,
    "bill_review": [
      "1. 2021년도 주택도시기금운용계획변경안(의안번호 2111294)"
    ],
    "agenda_items": [
      1
    ],
    "agenda_range_str": "의사일정 제1항"
  },
  {
    "speech_id": 6455337110542401997,
    "meeting_id": 51126,
    "bills": "1. 2021년도 주택도시기금운용계획변경안(의안번호 2111294)",
    "member_id": "7491",
    "member_name": "신동근 위원",
    "speech_order": 45,
    "speech_text": "그다음에 최저주거기준에 못 미치는 부분도 비율이 좀 높지요? 몇 % 정도 되지요? 한 9% 되나요?",
    "tf_trigger": false,
    "delib_order": 1,
    "bill_review": [
      "1. 2021년도 주택도시기금운용계획변경안(의안번호 2111294)"
    ],
    "agenda_items": [
      1
    ],
    "agenda_range_str": "의사일정 제1항"
  },
  {
    "speech_id": 7651953436084673928,
    "meeting_id": 51126,
    "bills": "1. 2021년도 주택도시기금운용계획변경안(의안번호 2111294)",
    "member_id": " ",
    "member_name": "국토교통부제1차관 윤성원",
    "speech_order": 46,
    "speech_text": "예, 9% 맞습니다.",
    "tf_trigger": false,
    "delib_order": 1,
    "bill_review": [
      "1. 2021년도 주택도시기금운용계획변경안(의안번호 2111294)"
    ],
    "agenda_items": [
      1
    ],
    "agenda_range_str": "의사일정 제1항"
  },
  {
    "speech_id": 221409118505561794,
    "meeting_id": 51126,
    "bills": "1. 2021년도 주택도시기금운용계획변경안(의안번호 2111294)",
    "member_id": "7491",
    "member_name": "신동근 위원",
    "speech_order": 47,
    "speech_text": "그래서 좀 높고. 그리고 아까 여러 가지 비율이 나왔지만 고령층이라든지 신혼부부에 비해서 청년층 부분이 빨리 소진되는 것도 맞는 것 같아요. 그래서 취지는 저도 동감을 합니다마는 이게 지금 적정 규모냐고 다른 위원님들이 여러 말씀을 하시는 것 같아요. 저도 국토위에 온 지 얼마 안 됩니다만 다른 부처도 저희가 죽 해 보면, 항상 나중에 보면 불용액이 생기고 이게 제대로 활용되지도 않으면서 추경은 또 하고 이렇게 된다는 말이지요. 지금 추경 해 봐야 7월 통과해도 8월부터 풀리면 이게 한 네 달 정도뿐이 못 쓰는, 그 사이에 집행을 해야 되는 건데 이게 집행 가능합니까?",
    "tf_trigger": false,
    "delib_order": 1,
    "bill_review": [
      "1. 2021년도 주택도시기금운용계획변경안(의안번호 2111294)"
    ],
    "agenda_items": [
      1
    ],
    "agenda_range_str": "의사일정 제1항"
  },
  {
    "speech_id": 5138728451221466028,
    "meeting_id": 51126,
    "bills": "1. 2021년도 주택도시기금운용계획변경안(의안번호 2111294)",
    "member_id": " ",
    "member_name": "국토교통부제1차관 윤성원",
    "speech_order": 48,
    "speech_text": "그래서 금년 상반기까지 집행 추이를 보고 저희들이 2000호를 지금 선정한 거기 때문에 집행은 가능합니다.",
    "tf_trigger": false,
    "delib_order": 1,
    "bill_review": [
      "1. 2021년도 주택도시기금운용계획변경안(의안번호 2111294)"
    ],
    "agenda_items": [
      1
    ],
    "agenda_range_str": "의사일정 제1항"
  },
  {
    "speech_id": 8422869056882561317,
    "meeting_id": 51126,
    "bills": "1. 2021년도 주택도시기금운용계획변경안(의안번호 2111294)",
    "member_id": "7491",
    "member_name": "신동근 위원",
    "speech_order": 49,
    "speech_text": "제1차관, 만약에 집행 안 되면 내년 초에 여기 상임위에 결과 보고할 때 본인이 책임질 거예요?",
    "tf_trigger": false,
    "delib_order": 1,
    "bill_review": [
      "1. 2021년도 주택도시기금운용계획변경안(의안번호 2111294)"
    ],
    "agenda_items": [
      1
    ],
    "agenda_range_str": "의사일정 제1항"
  },
  {
    "speech_id": 7654608487417307372,
    "meeting_id": 51126,
    "bills": "1. 2021년도 주택도시기금운용계획변경안(의안번호 2111294)",
    "member_id": " ",
    "member_name": "국토교통부제1차관 윤성원",
    "speech_order": 50,
    "speech_text": "그래서 그 집행상황은 다음번 결산할 때 제가 보고를 드리는 게 당연히 맞다고 봅니다.",
    "tf_trigger": false,
    "delib_order": 1,
    "bill_review": [
      "1. 2021년도 주택도시기금운용계획변경안(의안번호 2111294)"
    ],
    "agenda_items": [
      1
    ],
    "agenda_range_str": "의사일정 제1항"
  },
  {
    "speech_id": 6912502632755311459,
    "meeting_id": 51126,
    "bills": "1. 2021년도 주택도시기금운용계획변경안(의안번호 2111294)",
    "member_id": "7491",
    "member_name": "신동근 위원",
    "speech_order": 51,
    "speech_text": "알겠습니다. 그리고 아까 전세임대 경상보조 관련된 예산 증액 그것은 부가적으로 이왕 주는 것 같으면 필요하다 저도 이런 생각을 갖고요. 그다음에 지금 서울시에서 오세훈 시장 취임 후에 청년 월세 지원 관련해서 전년 대비 5배 이상 확대하고 그랬지요?",
    "tf_trigger": false,
    "delib_order": 1,
    "bill_review": [
      "1. 2021년도 주택도시기금운용계획변경안(의안번호 2111294)"
    ],
    "agenda_items": [
      1
    ],
    "agenda_range_str": "의사일정 제1항"
  },
  {
    "speech_id": 2690811607478227568,
    "meeting_id": 51126,
    "bills": "1. 2021년도 주택도시기금운용계획변경안(의안번호 2111294)",
    "member_id": " ",
    "member_name": "국토교통부제1차관 윤성원",
    "speech_order": 52,
    "speech_text": "예, 그렇습니다.",
    "tf_trigger": false,
    "delib_order": 1,
    "bill_review": [
      "1. 2021년도 주택도시기금운용계획변경안(의안번호 2111294)"
    ],
    "agenda_items": [
      1
    ],
    "agenda_range_str": "의사일정 제1항"
  },
  {
    "speech_id": 346857566635822549,
    "meeting_id": 51126,
    "bills": "1. 2021년도 주택도시기금운용계획변경안(의안번호 2111294)",
    "member_id": "7491",
    "member_name": "신동근 위원",
    "speech_order": 53,
    "speech_text": "그 문제와 지금 이것과는 무슨 연관성이 있습니까, 없습니까? 어떻습니까?",
    "tf_trigger": false,
    "delib_order": 1,
    "bill_review": [
      "1. 2021년도 주택도시기금운용계획변경안(의안번호 2111294)"
    ],
    "agenda_items": [
      1
    ],
    "agenda_range_str": "의사일정 제1항"
  },
  {
    "speech_id": 5551099322281985444,
    "meeting_id": 51126,
    "bills": "1. 2021년도 주택도시기금운용계획변경안(의안번호 2111294)",
    "member_id": " ",
    "member_name": "국토교통부제1차관 윤성원",
    "speech_order": 54,
    "speech_text": "서울시에서 하는 것은 전세나 월세를 직접 현금으로 지원하는 그 방안을 말씀하시는 것 같고 저희들 이번 건은 전세임대, 임대주택에 대한 지원이고. 월세를 보조하고, 그러니까 무이자로 융자하고 하는 것은 저희들도 같이하고 있습니다.",
    "tf_trigger": false,
    "delib_order": 1,
    "bill_review": [
      "1. 2021년도 주택도시기금운용계획변경안(의안번호 2111294)"
    ],
    "agenda_items": [
      1
    ],
    "agenda_range_str": "의사일정 제1항"
  },
  {
    "speech_id": 7998767890773673332,
    "meeting_id": 51126,
    "bills": "1. 2021년도 주택도시기금운용계획변경안(의안번호 2111294)",
    "member_id": "7491",
    "member_name": "신동근 위원",
    "speech_order": 55,
    "speech_text": "알겠습니다. 국토부에서 나름대로 필요하니까 예산을 올렸을 거라고 봅니다마는 다른 위원님들도 이런 여러 가지 걱정을 하는 것이 어쨌든 간에 세금이 적절하게 잘 지출되고 또 사용돼서 국민의 주거복지 향상에 기여하라 이런 취지에서 하는 거니까 저는 궁극적으로는 아까 전문위원이 검토보고한 부분에 대해서 동의하면서 동시에 위원님들이 지적하는 부분들이 잘 전달돼서 실질적으로 집행될 수 있도록 참고해 주시기 바랍니다. 이상입니다.",
    "tf_trigger": false,
    "delib_order": 1,
    "bill_review": [
      "1. 2021년도 주택도시기금운용계획변경안(의안번호 2111294)"
    ],
    "agenda_items": [
      1
    ],
    "agenda_range_str": "의사일정 제1항"
  },
  {
    "speech_id": 944467728403372964,
    "meeting_id": 51126,
    "bills": "1. 2021년도 주택도시기금운용계획변경안(의안번호 2111294)",
    "member_id": " ",
    "member_name": "국토교통부제1차관 윤성원",
    "speech_order": 56,
    "speech_text": "알겠습니다, 위원님.",
    "tf_trigger": false,
    "delib_order": 1,
    "bill_review": [
      "1. 2021년도 주택도시기금운용계획변경안(의안번호 2111294)"
    ],
    "agenda_items": [
      1
    ],
    "agenda_range_str": "의사일정 제1항"
  },
  {
    "speech_id": 2969419388651306279,
    "meeting_id": 51126,
    "bills": "1. 2021년도 주택도시기금운용계획변경안(의안번호 2111294)",
    "member_id": "7451",
    "member_name": "소위원장 박성민",
    "speech_order": 57,
    "speech_text": "더 이상 말씀하실 위원님 안 계십니까? 장경태 위원님.",
    "tf_trigger": false,
    "delib_order": 1,
    "bill_review": [
      "1. 2021년도 주택도시기금운용계획변경안(의안번호 2111294)"
    ],
    "agenda_items": [
      1
    ],
    "agenda_range_str": "의사일정 제1항"
  },
  {
    "speech_id": 1389529462149277126,
    "meeting_id": 51126,
    "bills": "1. 2021년도 주택도시기금운용계획변경안(의안번호 2111294)",
    "member_id": "7585",
    "member_name": "장경태 위원",
    "speech_order": 58,
    "speech_text": "차관님, 고생 많으십니다. 집값, 전세금 다 오르고 있지요? 이미 많이 올랐지요?",
    "tf_trigger": false,
    "delib_order": 1,
    "bill_review": [
      "1. 2021년도 주택도시기금운용계획변경안(의안번호 2111294)"
    ],
    "agenda_items": [
      1
    ],
    "agenda_range_str": "의사일정 제1항"
  },
  {
    "speech_id": 4209018919828443192,
    "meeting_id": 51126,
    "bills": "1. 2021년도 주택도시기금운용계획변경안(의안번호 2111294)",
    "member_id": " ",
    "member_name": "국토교통부제1차관 윤성원",
    "speech_order": 59,
    "speech_text": "예, 그렇습니다.",
    "tf_trigger": false,
    "delib_order": 1,
    "bill_review": [
      "1. 2021년도 주택도시기금운용계획변경안(의안번호 2111294)"
    ],
    "agenda_items": [
      1
    ],
    "agenda_range_str": "의사일정 제1항"
  },
  {
    "speech_id": 2496010687486517272,
    "meeting_id": 51126,
    "bills": "1. 2021년도 주택도시기금운용계획변경안(의안번호 2111294)",
    "member_id": "7585",
    "member_name": "장경태 위원",
    "speech_order": 60,
    "speech_text": "지금 제도를 보니까 저는 어쨌든 이 물량이라는 게 결국 지원 한도를 확대한다든지 기준을 완화한다든지 지원 금리가 또 대폭 상향 조정된다면 물량은 조정될 수 있는 것 아닙니까?",
    "tf_trigger": false,
    "delib_order": 1,
    "bill_review": [
      "1. 2021년도 주택도시기금운용계획변경안(의안번호 2111294)"
    ],
    "agenda_items": [
      1
    ],
    "agenda_range_str": "의사일정 제1항"
  },
  {
    "speech_id": 8765592807410033988,
    "meeting_id": 51126,
    "bills": "1. 2021년도 주택도시기금운용계획변경안(의안번호 2111294)",
    "member_id": " ",
    "member_name": "국토교통부제1차관 윤성원",
    "speech_order": 61,
    "speech_text": "예, 맞습니다.",
    "tf_trigger": false,
    "delib_order": 1,
    "bill_review": [
      "1. 2021년도 주택도시기금운용계획변경안(의안번호 2111294)"
    ],
    "agenda_items": [
      1
    ],
    "agenda_range_str": "의사일정 제1항"
  },
  {
    "speech_id": 6966583430841557626,
    "meeting_id": 51126,
    "bills": "1. 2021년도 주택도시기금운용계획변경안(의안번호 2111294)",
    "member_id": "7585",
    "member_name": "장경태 위원",
    "speech_order": 62,
    "speech_text": "그러니까 지금 여러 가지 우선순위 결정 방법도 소득수준 2분위, 소득기준 50% 이하일 경우에 배점 3점, 부모가 또 무주택이어야 되고요. 타 지역 출신이거나 전․월세 6개월 이상 거주 또 장애 여부 등으로 우선순위 결정이 됩니다. 사실 소득기준 50% 이하면 1인 179만 원인데 최저시급 182만 원입니다. 사실 이렇게 해야지만 우선순위에 더 다가갈 수 있다고 하는 게 참 안타깝고요. 이게 청년주거 사다리인지 아니면 빈곤주거 사다리인지 모르겠습니다. 사실 이 정도 가난한 사람이면 국가가 당연히 좀 더 일정하게 보조해야 되고 적극적으로 행정을 해야 된다고 생각하는데 차관님께서 답변 중에, 이게 추경이니까 결정적으로 이 제도 설계를 변경하기 어려우시겠습니다만 지원 대상을 확대한다든지 지원 기준을 완화한다든지 이런 것들은 좀 필요한 것 같습니다. 예를 들면 지금 전체적으로 1만 500 공급 계획을 갖고 계셨는데 사실 작년 1만 4000이나 재작년 1만 3000 고려해서 5000호 정도 증가를 예상하시고 하신 거잖아요?",
    "tf_trigger": false,
    "delib_order": 1,
    "bill_review": [
      "1. 2021년도 주택도시기금운용계획변경안(의안번호 2111294)"
    ],
    "agenda_items": [
      1
    ],
    "agenda_range_str": "의사일정 제1항"
  },
  {
    "speech_id": 5609514629079101902,
    "meeting_id": 51126,
    "bills": "1. 2021년도 주택도시기금운용계획변경안(의안번호 2111294)",
    "member_id": " ",
    "member_name": "국토교통부제1차관 윤성원",
    "speech_order": 63,
    "speech_text": "예.",
    "tf_trigger": false,
    "delib_order": 1,
    "bill_review": [
      "1. 2021년도 주택도시기금운용계획변경안(의안번호 2111294)"
    ],
    "agenda_items": [
      1
    ],
    "agenda_range_str": "의사일정 제1항"
  },
  {
    "speech_id": 6611497945978637304,
    "meeting_id": 51126,
    "bills": "1. 2021년도 주택도시기금운용계획변경안(의안번호 2111294)",
    "member_id": "7585",
    "member_name": "장경태 위원",
    "speech_order": 64,
    "speech_text": "마음 통계를 저희가 알 수는 없지만 제 주변에서도 3040들이 대부분 연초에 이사 계획보다는 가을 쪽에, 코로나가 많이 잠잠해질 것이라고 예상해서 하고 있기 때문에 현재 지금 달성률 55%는 오히려 초과 달성하고 있다, 소위 청년 공급이 좀 더 필요하다라고 판단하신 것 같고 그에 비해서 신혼부부나 일반 같은 경우는 삼십육칠 % 정도로 좀 여유가 있다고 판단하셨기 때문에 조정을 하셨으리라고 봅니다. 그러면 애초에 1만 4000, 1만 5000 하셨을 수도 있었을 텐데요. 굳이 작년과 재작년보다도 오히려 깎아서 계획을 잡으신 이유가 있으실까요?",
    "tf_trigger": false,
    "delib_order": 1,
    "bill_review": [
      "1. 2021년도 주택도시기금운용계획변경안(의안번호 2111294)"
    ],
    "agenda_items": [
      1
    ],
    "agenda_range_str": "의사일정 제1항"
  },
  {
    "speech_id": 4567575884308713170,
    "meeting_id": 51126,
    "bills": "1. 2021년도 주택도시기금운용계획변경안(의안번호 2111294)",
    "member_id": " ",
    "member_name": "국토교통부제1차관 윤성원",
    "speech_order": 65,
    "speech_text": "이게 특히 신혼부부용 같은 경우에는 저희 기금에서 전세보증금 융자해 주는 프로그램이 많습니다. 그래서 그 융자를 받아서 아파트를 원하면 자기가 개별적으로 전세를 얻고 하는 경우가 많다 보니 신혼부부용 전세임대의 경우에는 당초 저희들이 목표로 했던 것보다는 조금 물량이 줄어들기 때문에……",
    "tf_trigger": false,
    "delib_order": 1,
    "bill_review": [
      "1. 2021년도 주택도시기금운용계획변경안(의안번호 2111294)"
    ],
    "agenda_items": [
      1
    ],
    "agenda_range_str": "의사일정 제1항"
  },
  {
    "speech_id": 3870793510982001582,
    "meeting_id": 51126,
    "bills": "1. 2021년도 주택도시기금운용계획변경안(의안번호 2111294)",
    "member_id": "7585",
    "member_name": "장경태 위원",
    "speech_order": 66,
    "speech_text": "그래서 집행률이 조금 낮다 보니까 신혼부부 물량을 빼서 조정하는 것은 이해가 가는데요. 그러면 처음 애초 계획을 청년을 낮출 필요가 있었냐고 질문드리는 거고요. 다른 동료 위원님들께서 지적하신 사항들이 왜 굳이 이것을 추경에 넣어 가지고 조정하느냐라는 걸 질문하고 계시잖아요. 애초 계획을 그냥 1만 4000만 하셨어도 이런 논의가 없었을 것 아닌가요?",
    "tf_trigger": false,
    "delib_order": 1,
    "bill_review": [
      "1. 2021년도 주택도시기금운용계획변경안(의안번호 2111294)"
    ],
    "agenda_items": [
      1
    ],
    "agenda_range_str": "의사일정 제1항"
  },
  {
    "speech_id": 2844139763841421091,
    "meeting_id": 51126,
    "bills": "1. 2021년도 주택도시기금운용계획변경안(의안번호 2111294)",
    "member_id": " ",
    "member_name": "국토교통부제1차관 윤성원",
    "speech_order": 67,
    "speech_text": "위원님 말씀이 맞습니다. 그래서 일단은 신혼부부와 청년에 대한 이런 균형 잡힌 공급 계획을 저희들이 만들기 위해서 연초에는 그렇게 잡았는데 지금 실제로 실적을 보면 위원님 말씀대로 처음부터 잘 되는 쪽을 더 물량을 늘려서 갔더라면 오늘 같은 경우도 없는 것은 분명히 맞습니다. 그런데 상반기 실적을 봤는데 청년 쪽에 실적이 워낙 좋으니, 그런데 정부 내에서 고치기에는 금년 3월 달에 이미 그것은 다 찼고 그래서 불가피하게 이번 추경에 포함해서 오늘 심의를 하신다라고 보시면 될 것 같습니다.",
    "tf_trigger": false,
    "delib_order": 1,
    "bill_review": [
      "1. 2021년도 주택도시기금운용계획변경안(의안번호 2111294)"
    ],
    "agenda_items": [
      1
    ],
    "agenda_range_str": "의사일정 제1항"
  },
  {
    "speech_id": 2839447430743443352,
    "meeting_id": 51126,
    "bills": "1. 2021년도 주택도시기금운용계획변경안(의안번호 2111294)",
    "member_id": "7585",
    "member_name": "장경태 위원",
    "speech_order": 68,
    "speech_text": "그래서 저는 정책에 대한 자신감을 좀 가져 주셨으면 좋겠다는 생각이 드는데요. 이번에도 청년 1억 2000까지 지원 한도입니다. 그런데 예를 들면 제가 딱 반지하 살고 있는 청년인데요. 제가 1억 5000이었거든요. 물론 1000만 원 깎아 가지고 하기는 했는데요. 어찌됐건 실제 1억 2000이라는 한도로는 청년들이 어떤 집에서 살아야 될지, 반지하에 사는 제가 1억 2000짜리 집 못 구했거든요. 그러면 이거 어떻게 해야 됩니까?",
    "tf_trigger": false,
    "delib_order": 1,
    "bill_review": [
      "1. 2021년도 주택도시기금운용계획변경안(의안번호 2111294)"
    ],
    "agenda_items": [
      1
    ],
    "agenda_range_str": "의사일정 제1항"
  },
  {
    "speech_id": 165076321335883745,
    "meeting_id": 51126,
    "bills": "1. 2021년도 주택도시기금운용계획변경안(의안번호 2111294)",
    "member_id": " ",
    "member_name": "국토교통부제1차관 윤성원",
    "speech_order": 69,
    "speech_text": "그래서 지원 단가에 대해서는 이게 과연 시장 현실을 반영하는 것인지 거기에 대한 여러 가지 지적이 지금까지 누차 나왔던 거고요. 그리고 저희들은 뭐냐 하면 시세보다는 최대한 낮게 해서 공급한다는 원칙하에서 왔는데 전반적인 전세․월세 가격이 다 오르면 1억이나 1억 5000 이 금액으로 충족시키기 어려운 경우도 많이 나올 것 같습니다. 그래서 오늘 여러 위원님들 말씀대로 지원 단가와 지원 대상을 어떻게 할지 그거는 저희들이 한 번 더 꼼꼼히 점검을 하겠습니다.",
    "tf_trigger": false,
    "delib_order": 1,
    "bill_review": [
      "1. 2021년도 주택도시기금운용계획변경안(의안번호 2111294)"
    ],
    "agenda_items": [
      1
    ],
    "agenda_range_str": "의사일정 제1항"
  },
  {
    "speech_id": 4929086699140630225,
    "meeting_id": 51126,
    "bills": "1. 2021년도 주택도시기금운용계획변경안(의안번호 2111294)",
    "member_id": "7585",
    "member_name": "장경태 위원",
    "speech_order": 70,
    "speech_text": "제가 보기에는 지원 한도도 늘려 주시고, 1인 가구 350만 원 정도, 2인 가구 500만 원인데요. 세부 자격기준도 조금 완화해 주시면, 제가 보기에는 물량이 1만 4000, 1만 5000이 아니라 3만, 4만 필요할 수도 있습니다. 그런데 만약에 저희가 그런 지원을 확대한다고 해서 예를 들면 집값이 오른다거나 전세금이 오른다, 그러면 청년 주거 문제를 해결하는 데 집값, 전세금 오르는 걸 청년이 책임져야 됩니까? 집값은, 부동산은 다른 기성세대가 다 올려 놓고 왜 청년이 책임집니까? 주거기본권을 보장하는 과정에서 청년에 대한 국가 지원 제도를 확대한다면 그 과정에서 시장에 다소 영향이 있다 할지라도…… 1억 2000짜리 임대주택 물량 좀 지원했다고 해서 주택가격 상승과 전혀 관계없습니다.",
    "tf_trigger": false,
    "delib_order": 1,
    "bill_review": [
      "1. 2021년도 주택도시기금운용계획변경안(의안번호 2111294)"
    ],
    "agenda_items": [
      1
    ],
    "agenda_range_str": "의사일정 제1항"
  },
  {
    "speech_id": 8086397215665789592,
    "meeting_id": 51126,
    "bills": "1. 2021년도 주택도시기금운용계획변경안(의안번호 2111294)",
    "member_id": " ",
    "member_name": "국토교통부제1차관 윤성원",
    "speech_order": 71,
    "speech_text": "예, 맞습니다.",
    "tf_trigger": false,
    "delib_order": 1,
    "bill_review": [
      "1. 2021년도 주택도시기금운용계획변경안(의안번호 2111294)"
    ],
    "agenda_items": [
      1
    ],
    "agenda_range_str": "의사일정 제1항"
  },
  {
    "speech_id": 8224008373781061077,
    "meeting_id": 51126,
    "bills": "1. 2021년도 주택도시기금운용계획변경안(의안번호 2111294)",
    "member_id": "7585",
    "member_name": "장경태 위원",
    "speech_order": 72,
    "speech_text": "4억, 5억, 7억, 8억짜리 주택들이 올라서 문제지 1억 2000짜리 전셋집이 올라서 부동산 시장이 교란됩니까? 아닙니다. 그렇기 때문에 저는 한도도 좀 더 늘리고 기준도 완화해서 정말 실질적 주거사다리를 만들어 주시기를 부탁드리고요. 추경이니까 다음에 제도 조정하실 때 간곡히 부탁드리겠습니다. 이상입니다.",
    "tf_trigger": false,
    "delib_order": 1,
    "bill_review": [
      "1. 2021년도 주택도시기금운용계획변경안(의안번호 2111294)"
    ],
    "agenda_items": [
      1
    ],
    "agenda_range_str": "의사일정 제1항"
  },
  {
    "speech_id": 365896334542724561,
    "meeting_id": 51126,
    "bills": "1. 2021년도 주택도시기금운용계획변경안(의안번호 2111294)",
    "member_id": " ",
    "member_name": "국토교통부제1차관 윤성원",
    "speech_order": 73,
    "speech_text": "예, 알겠습니다. 위원님.",
    "tf_trigger": false,
    "delib_order": 1,
    "bill_review": [
      "1. 2021년도 주택도시기금운용계획변경안(의안번호 2111294)"
    ],
    "agenda_items": [
      1
    ],
    "agenda_range_str": "의사일정 제1항"
  },
  {
    "speech_id": 1508437306094432753,
    "meeting_id": 51126,
    "bills": "1. 2021년도 주택도시기금운용계획변경안(의안번호 2111294)",
    "member_id": "7451",
    "member_name": "소위원장 박성민",
    "speech_order": 74,
    "speech_text": "다른 위원님들 하실 말씀 없습니까? (｢없습니다｣ 하는 위원 있음) 차관님, 제가 한 가지만 질문을 드리겠습니다. 우리나라에 청년세대가 몇 가구 정도 됩니까?",
    "tf_trigger": false,
    "delib_order": 1,
    "bill_review": [
      "1. 2021년도 주택도시기금운용계획변경안(의안번호 2111294)"
    ],
    "agenda_items": [
      1
    ],
    "agenda_range_str": "의사일정 제1항"
  },
  {
    "speech_id": 4051647315859108486,
    "meeting_id": 51126,
    "bills": "1. 2021년도 주택도시기금운용계획변경안(의안번호 2111294)",
    "member_id": " ",
    "member_name": "국토교통부제1차관 윤성원",
    "speech_order": 75,
    "speech_text": "만19세에서 39세 이하인데요. 가구수가 총……",
    "tf_trigger": false,
    "delib_order": 1,
    "bill_review": [
      "1. 2021년도 주택도시기금운용계획변경안(의안번호 2111294)"
    ],
    "agenda_items": [
      1
    ],
    "agenda_range_str": "의사일정 제1항"
  },
  {
    "speech_id": 3359633009414918677,
    "meeting_id": 51126,
    "bills": "1. 2021년도 주택도시기금운용계획변경안(의안번호 2111294)",
    "member_id": "7451",
    "member_name": "소위원장 박성민",
    "speech_order": 76,
    "speech_text": "마이크를 바로 대로 이야기하십시오. 1억에서 1억 5000만 원까지, 1억 이삼천만 원 가지고 수도권에는 조금 어렵겠습니다마는 지방에서는 어떤 유형의 집을 주로 전세 임대할 수 있습니까?",
    "tf_trigger": false,
    "delib_order": 1,
    "bill_review": [
      "1. 2021년도 주택도시기금운용계획변경안(의안번호 2111294)"
    ],
    "agenda_items": [
      1
    ],
    "agenda_range_str": "의사일정 제1항"
  },
  {
    "speech_id": 4062679405115347517,
    "meeting_id": 51126,
    "bills": "1. 2021년도 주택도시기금운용계획변경안(의안번호 2111294)",
    "member_id": " ",
    "member_name": "국토교통부제1차관 윤성원",
    "speech_order": 77,
    "speech_text": "보통 대부분이 다 다세대, 다가구, 연립……",
    "tf_trigger": false,
    "delib_order": 1,
    "bill_review": [
      "1. 2021년도 주택도시기금운용계획변경안(의안번호 2111294)"
    ],
    "agenda_items": [
      1
    ],
    "agenda_range_str": "의사일정 제1항"
  },
  {
    "speech_id": 2086589296699652956,
    "meeting_id": 51126,
    "bills": "1. 2021년도 주택도시기금운용계획변경안(의안번호 2111294)",
    "member_id": "7451",
    "member_name": "소위원장 박성민",
    "speech_order": 78,
    "speech_text": "빌라나 다세대지요?",
    "tf_trigger": false,
    "delib_order": 1,
    "bill_review": [
      "1. 2021년도 주택도시기금운용계획변경안(의안번호 2111294)"
    ],
    "agenda_items": [
      1
    ],
    "agenda_range_str": "의사일정 제1항"
  },
  {
    "speech_id": 7646440181105157427,
    "meeting_id": 51126,
    "bills": "1. 2021년도 주택도시기금운용계획변경안(의안번호 2111294)",
    "member_id": " ",
    "member_name": "국토교통부제1차관 윤성원",
    "speech_order": 79,
    "speech_text": "예, 맞습니다.",
    "tf_trigger": false,
    "delib_order": 1,
    "bill_review": [
      "1. 2021년도 주택도시기금운용계획변경안(의안번호 2111294)"
    ],
    "agenda_items": [
      1
    ],
    "agenda_range_str": "의사일정 제1항"
  },
  {
    "speech_id": 8872441703023474340,
    "meeting_id": 51126,
    "bills": "1. 2021년도 주택도시기금운용계획변경안(의안번호 2111294)",
    "member_id": "7451",
    "member_name": "소위원장 박성민",
    "speech_order": 80,
    "speech_text": "방은 몇 개 정도 됩니까?",
    "tf_trigger": false,
    "delib_order": 1,
    "bill_review": [
      "1. 2021년도 주택도시기금운용계획변경안(의안번호 2111294)"
    ],
    "agenda_items": [
      1
    ],
    "agenda_range_str": "의사일정 제1항"
  },
  {
    "speech_id": 5083293822901970600,
    "meeting_id": 51126,
    "bills": "1. 2021년도 주택도시기금운용계획변경안(의안번호 2111294)",
    "member_id": " ",
    "member_name": "국토교통부제1차관 윤성원",
    "speech_order": 81,
    "speech_text": "1인용은 방이 한 칸 아니면 두 칸이 나올 거고요. 쉐어형은 2인이나 3인이 살기 때문에 방이 최대 3개까지 될 겁니다.",
    "tf_trigger": false,
    "delib_order": 1,
    "bill_review": [
      "1. 2021년도 주택도시기금운용계획변경안(의안번호 2111294)"
    ],
    "agenda_items": [
      1
    ],
    "agenda_range_str": "의사일정 제1항"
  },
  {
    "speech_id": 2747966968180306734,
    "meeting_id": 51126,
    "bills": "1. 2021년도 주택도시기금운용계획변경안(의안번호 2111294)",
    "member_id": "7451",
    "member_name": "소위원장 박성민",
    "speech_order": 82,
    "speech_text": "앞으로 정부에서 우리나라의 청년세대에 대해서는 전세임대를 전부 지원할 계획입니까?",
    "tf_trigger": false,
    "delib_order": 1,
    "bill_review": [
      "1. 2021년도 주택도시기금운용계획변경안(의안번호 2111294)"
    ],
    "agenda_items": [
      1
    ],
    "agenda_range_str": "의사일정 제1항"
  },
  {
    "speech_id": 4757086639283418456,
    "meeting_id": 51126,
    "bills": "1. 2021년도 주택도시기금운용계획변경안(의안번호 2111294)",
    "member_id": " ",
    "member_name": "국토교통부제1차관 윤성원",
    "speech_order": 83,
    "speech_text": "청년들을 위해서는 지금 여러 가지 다양한 주거 지원 프로그램이 있습니다. 매입임대도 있고 전세임대도 있고 그다음에 저희들이 여러 가지 국민임대나 그걸 지원하는 것도 있고 또 청년을 위한 월세 지원 프로그램도 있고요. 그래서 현금부터 현물까지 다양한 지원 프로그램이 있는데 그중의 한 가지가 오늘 심의하시는 청년을 위한 전세임대라고 보시면 되겠습니다.",
    "tf_trigger": false,
    "delib_order": 1,
    "bill_review": [
      "1. 2021년도 주택도시기금운용계획변경안(의안번호 2111294)"
    ],
    "agenda_items": [
      1
    ],
    "agenda_range_str": "의사일정 제1항"
  },
  {
    "speech_id": 76600220200315194,
    "meeting_id": 51126,
    "bills": "1. 2021년도 주택도시기금운용계획변경안(의안번호 2111294)",
    "member_id": "7451",
    "member_name": "소위원장 박성민",
    "speech_order": 84,
    "speech_text": "차관님은 대학생 때나 청년 때 어떤 유형의 주거를 했습니까?",
    "tf_trigger": false,
    "delib_order": 1,
    "bill_review": [
      "1. 2021년도 주택도시기금운용계획변경안(의안번호 2111294)"
    ],
    "agenda_items": [
      1
    ],
    "agenda_range_str": "의사일정 제1항"
  },
  {
    "speech_id": 3146373726943965504,
    "meeting_id": 51126,
    "bills": "1. 2021년도 주택도시기금운용계획변경안(의안번호 2111294)",
    "member_id": " ",
    "member_name": "국토교통부제1차관 윤성원",
    "speech_order": 85,
    "speech_text": "저는 주로 하숙을 했습니다.",
    "tf_trigger": false,
    "delib_order": 1,
    "bill_review": [
      "1. 2021년도 주택도시기금운용계획변경안(의안번호 2111294)"
    ],
    "agenda_items": [
      1
    ],
    "agenda_range_str": "의사일정 제1항"
  },
  {
    "speech_id": 5709637308370243173,
    "meeting_id": 51126,
    "bills": "1. 2021년도 주택도시기금운용계획변경안(의안번호 2111294)",
    "member_id": "7451",
    "member_name": "소위원장 박성민",
    "speech_order": 86,
    "speech_text": "하숙 하셨어요?",
    "tf_trigger": false,
    "delib_order": 1,
    "bill_review": [
      "1. 2021년도 주택도시기금운용계획변경안(의안번호 2111294)"
    ],
    "agenda_items": [
      1
    ],
    "agenda_range_str": "의사일정 제1항"
  },
  {
    "speech_id": 2120659827179145611,
    "meeting_id": 51126,
    "bills": "1. 2021년도 주택도시기금운용계획변경안(의안번호 2111294)",
    "member_id": " ",
    "member_name": "국토교통부제1차관 윤성원",
    "speech_order": 87,
    "speech_text": "예.",
    "tf_trigger": false,
    "delib_order": 1,
    "bill_review": [
      "1. 2021년도 주택도시기금운용계획변경안(의안번호 2111294)"
    ],
    "agenda_items": [
      1
    ],
    "agenda_range_str": "의사일정 제1항"
  },
  {
    "speech_id": 3248999383537356504,
    "meeting_id": 51126,
    "bills": "1. 2021년도 주택도시기금운용계획변경안(의안번호 2111294)",
    "member_id": "7451",
    "member_name": "소위원장 박성민",
    "speech_order": 88,
    "speech_text": "근래 와서 정치권에서 계속 청년들만 찾고 있고 청년 정책만 내고 있는데 주거취약계층 중에서도 우선순위를 잘 따져서 정해야 된다고 생각을 합니다. 왜냐하면 지금 우리나라 노인 빈곤율은 OECD 국가 중에 1위입니다. 또 다자녀가구와 신혼부부에 대한 고려가 부족해서 저출산의 문제도 대두가 되고 있고 이런 여러 가지 입장을 따지면 오히려 역차별이다, 형평성을 잃었다 이런 평가를 하고 싶은데 어떻습니까? 청년은 오히려 이제 시작하는 사회인이기 때문에 조금 더 열악한 환경이지만 꿈을 가지고 노력할 수 있는 이런 여건을 만들어야 될 거고 지금 노인들이나 어려운 저소득층들은 정말 심각할 정도에 놓여 있는데 그런 분들에 대한 우선순위를 좀 더 따져야 되는 것 아닙니까?",
    "tf_trigger": false,
    "delib_order": 1,
    "bill_review": [
      "1. 2021년도 주택도시기금운용계획변경안(의안번호 2111294)"
    ],
    "agenda_items": [
      1
    ],
    "agenda_range_str": "의사일정 제1항"
  },
  {
    "speech_id": 6294811987462385520,
    "meeting_id": 51126,
    "bills": "1. 2021년도 주택도시기금운용계획변경안(의안번호 2111294)",
    "member_id": " ",
    "member_name": "국토교통부제1차관 윤성원",
    "speech_order": 89,
    "speech_text": "위원장님 말씀대로 모든 계층에 골고루 혜택이 가도록 주거복지 지원책을 짜는 게 맞다고 봅니다. 그런데 실제로 지금 처해 있는 주거 실태를 보면 옥탑방, 반지하 이런 취약한 주택에 살고 있는 비율을 보면 일반이 1.3% 같으면 청년층은 조금 더 높은 한 1.9%가 되는 거고 그리고 조금 전에 이야기가 나왔습니다마는 최저 주거 기준에 미달하는 주택에 살고 있는 가구수가 청년이 무려 9%입니다. 그런데 나머지 일반 가구는 5.3%고. 그래서 일반적인 그런 계층에 비해서 청년층은 최대 2배 정도로 어려운 그런 주거 상황에 처해 있기 때문에……",
    "tf_trigger": false,
    "delib_order": 1,
    "bill_review": [
      "1. 2021년도 주택도시기금운용계획변경안(의안번호 2111294)"
    ],
    "agenda_items": [
      1
    ],
    "agenda_range_str": "의사일정 제1항"
  },
  {
    "speech_id": 1400208708628740538,
    "meeting_id": 51126,
    "bills": "1. 2021년도 주택도시기금운용계획변경안(의안번호 2111294)",
    "member_id": "7451",
    "member_name": "소위원장 박성민",
    "speech_order": 90,
    "speech_text": "차관님, 영점몇 프로 정도 차이는…… 청년이라고 하면 대학생들, 주로 그동안 사회활동이 없었던 사회 초년생들을 통칭할 텐데 다른 열심히 살고 또 직업을 가지고 열심히 노력했음에도 불구하고 주거가 취약한 계층에 비해서 아직 노력해 보지 않은 청년들에 대한 배려가 오히려 더 심하다, 다른 유형의 물량을 줄여서까지도 우선 청년 유형의 공급을 당초 계획보다 훨씬 늘리려고 하는 데 대해서 말씀을 드리는 겁니다, 형평성이 맞지 않다는 말씀을.",
    "tf_trigger": false,
    "delib_order": 1,
    "bill_review": [
      "1. 2021년도 주택도시기금운용계획변경안(의안번호 2111294)"
    ],
    "agenda_items": [
      1
    ],
    "agenda_range_str": "의사일정 제1항"
  },
  {
    "speech_id": 8688567716392902628,
    "meeting_id": 51126,
    "bills": "1. 2021년도 주택도시기금운용계획변경안(의안번호 2111294)",
    "member_id": " ",
    "member_name": "국토교통부제1차관 윤성원",
    "speech_order": 91,
    "speech_text": "예, 알겠습니다. 위원장님.",
    "tf_trigger": false,
    "delib_order": 1,
    "bill_review": [
      "1. 2021년도 주택도시기금운용계획변경안(의안번호 2111294)"
    ],
    "agenda_items": [
      1
    ],
    "agenda_range_str": "의사일정 제1항"
  },
  {
    "speech_id": 6202861877549424916,
    "meeting_id": 51126,
    "bills": "1. 2021년도 주택도시기금운용계획변경안(의안번호 2111294)",
    "member_id": "7451",
    "member_name": "소위원장 박성민",
    "speech_order": 92,
    "speech_text": "잘 알겠습니다. 형평을 잘 고려해서 해 주시기 바라고. 다음은 부대의견에 대해서 논의를 드리겠습니다. 수석전문위원님, 부대의견에 대해서 설명해 주십시오.",
    "tf_trigger": false,
    "delib_order": 1,
    "bill_review": [
      "1. 2021년도 주택도시기금운용계획변경안(의안번호 2111294)"
    ],
    "agenda_items": [
      1
    ],
    "agenda_range_str": "의사일정 제1항"
  },
  {
    "speech_id": 8910744025573288976,
    "meeting_id": 51126,
    "bills": "1. 2021년도 주택도시기금운용계획변경안(의안번호 2111294)",
    "member_id": " ",
    "member_name": "수석전문위원 최시억",
    "speech_order": 93,
    "speech_text": "심사 자료 3페이지 봐 주시기 바랍니다. 수록된 부대의견(안)은 5개가 되겠습니다. 먼저 소병훈 위원님께서 국토교통부는 코로나 사태 장기화로 인해서 소득이 급감한 노선버스 운수종사자 지원 방안을 마련할 수 있도록 노력한다라는 취지의 안을 주셨고 문진석 위원님께서 국토교통부는 전세임대 사업과 관련해서 최근 수도권의 전셋값 상승을 고려해서 전세금 지원 한도를 현실화하고 보증금과 월세 비용을 추가 감면하는 방안을 검토한다는 취지의 안을 주셨습니다. 그리고 소병훈 위원님께서 국토교통부는 전국 공공임대주택 거주자의 임대료 및 관리비 체납 현황을 전수 조사하여 긴급 주거지원금을 편성할 수 있도록 노력한다는 안을 주셨고 진성준 위원님께서 국토교통부는 항공업계에 대한 고용유지지원금의 자부담분을 완화할 수 있도록 노력한다는 안을 주셨습니다. 그리고 문정복 위원님께서 국토교통부는 전세임대 사업의 지원 단가가 청년층의 주거실태에 부합하는 방향으로 현실성 있게 반영될 수 있도록 노력하도록 하는 안을 주셨습니다. 그런데 2번하고 5번 같은 경우는 전세임대 사업의 지원 단가에 관련된 안이기 때문에 2번하고 5번은 함께 합칠 필요가 있다고 보여집니다. 예를 들어서 ‘국토교통부는 전세임대 사업과 관련해서 최근 수도권의 전셋값 상승과 청년층의 주거실태에 부합하는 방향으로 전세금 지원 한도를 현실화하고……’ 이하 생략하겠습니다. 이런 식으로 정리를 하면 좋을 것 같습니다. 이상입니다.",
    "tf_trigger": false,
    "delib_order": 1,
    "bill_review": [
      "1. 2021년도 주택도시기금운용계획변경안(의안번호 2111294)"
    ],
    "agenda_items": [
      1
    ],
    "agenda_range_str": "의사일정 제1항"
  },
  {
    "speech_id": 3689663937834217490,
    "meeting_id": 51126,
    "bills": "1. 2021년도 주택도시기금운용계획변경안(의안번호 2111294)",
    "member_id": "7451",
    "member_name": "소위원장 박성민",
    "speech_order": 94,
    "speech_text": "정부 측 의견을 말씀해 주십시오.",
    "tf_trigger": false,
    "delib_order": 1,
    "bill_review": [
      "1. 2021년도 주택도시기금운용계획변경안(의안번호 2111294)"
    ],
    "agenda_items": [
      1
    ],
    "agenda_range_str": "의사일정 제1항"
  },
  {
    "speech_id": 950014676167534661,
    "meeting_id": 51126,
    "bills": "1. 2021년도 주택도시기금운용계획변경안(의안번호 2111294)",
    "member_id": " ",
    "member_name": "국토교통부제1차관 윤성원",
    "speech_order": 95,
    "speech_text": "전문위원 검토보고에 동의합니다.",
    "tf_trigger": false,
    "delib_order": 1,
    "bill_review": [
      "1. 2021년도 주택도시기금운용계획변경안(의안번호 2111294)"
    ],
    "agenda_items": [
      1
    ],
    "agenda_range_str": "의사일정 제1항"
  },
  {
    "speech_id": 76913695835762057,
    "meeting_id": 51126,
    "bills": "1. 2021년도 주택도시기금운용계획변경안(의안번호 2111294)",
    "member_id": "7451",
    "member_name": "소위원장 박성민",
    "speech_order": 96,
    "speech_text": "위원님들 말씀해 주십시오. (｢동의합니다｣ 하는 위원 있음) 의결에 앞서서 헌법 제57조 및 국가재정법 제69조에 따라 기금운용계획변경안의 증액에 대한 정부 측의 동의 여부를 묻도록 하겠습니다. 국토교통부차관, 주택도시기금운용계획변경안의 증액에 대하여 각각 동의하십니까?",
    "tf_trigger": false,
    "delib_order": 1,
    "bill_review": [
      "1. 2021년도 주택도시기금운용계획변경안(의안번호 2111294)"
    ],
    "agenda_items": [
      1
    ],
    "agenda_range_str": "의사일정 제1항"
  },
  {
    "speech_id": 554424667256046538,
    "meeting_id": 51126,
    "bills": "1. 2021년도 주택도시기금운용계획변경안(의안번호 2111294)",
    "member_id": " ",
    "member_name": "국토교통부제1차관 윤성원",
    "speech_order": 97,
    "speech_text": "2페이지에 나와 있는 전세임대경상보조에 대한 증액은 동의를 하고요. 그다음에 2페이지 밑에 있는 지원 단가를 현실화하기 위해서 2000억 원을 지금 반영하는 것은 저희들은 수용하기 어렵습니다.",
    "tf_trigger": false,
    "delib_order": 1,
    "bill_review": [
      "1. 2021년도 주택도시기금운용계획변경안(의안번호 2111294)"
    ],
    "agenda_items": [
      1
    ],
    "agenda_range_str": "의사일정 제1항"
  },
  {
    "speech_id": 2849686333232490173,
    "meeting_id": 51126,
    "bills": "1. 2021년도 주택도시기금운용계획변경안(의안번호 2111294)",
    "member_id": "7451",
    "member_name": "소위원장 박성민",
    "speech_order": 98,
    "speech_text": "정부 측의 동의가 있었으므로 의결하도록 하겠습니다. 의사일정 제1항 2021년도 주택도시기금운용계획변경안은 부대의견을 포함해서 지금까지 심사한 결과를 반영하여 수정 의결하고자 하는데 이의 없으십니까? (｢예｣ 하는 위원 있음) 이의가 없으므로 수정 가결되었음을 선포합니다. 오늘 의결한 기금운용계획변경안의 심사보고서 작성에 있어 경미한 자구 및 계수의 정리에 대해서는 소위원장에게 위임하여 주시기 바랍니다. 회의 운영에 협조해 주신 위원 여러분, 차관을 비롯한 관계 공무원 여러분, 국회 직원 여러분, 보좌직원 여러분께 깊은 감사를 드립니다. 이상으로 오늘 회의를 마치겠습니다. 산회를 선포합니다.",
    "tf_trigger": false,
    "delib_order": 1,
    "bill_review": [
      "1. 2021년도 주택도시기금운용계획변경안(의안번호 2111294)"
    ],
    "agenda_items": [
      1
    ],
    "agenda_range_str": "의사일정 제1항"
  }
]